2.289727134087029103e+00,5.898099150921313871e+00,3.064847512111399652e+01,1.506956036959966383e+00
-3.656591889904574622e+00,-3.925968126433462935e+00,-1.538668084751778764e+01,-1.764559486406873434e+00
-3.050994703714359435e+00,-4.233432369878406654e+00,-1.373947470639962809e+01,-5.235292615804451266e+00
-9.518727972790971492e+00,7.959478458544278823e+00,-1.564972472134734360e+01,-6.985421561253597922e+00
-1.224272690346816628e+00,-1.988106216647769386e+01,6.686347353575961883e+00,-1.286997922179523712e+01
-9.412295916027499487e+00,2.927480227930724599e+00,-1.361250825541235976e+01,-2.603201450536400507e+00
-5.576507771897615484e+00,-6.058357293598715998e+00,-8.966104578131396607e+00,-4.703758902782078088e+00
-7.112786381570803229e+00,-2.008998254731855582e+01,1.486198290666311905e+01,-1.536324199878952435e+01
2.098625473214022819e+01,3.821390476259934665e+00,-4.176534580755018489e+00,1.547922212191702052e+01
-7.302260156257319501e+00,-4.039676961978677650e-02,-1.875194512492356580e+01,-2.469320891405985208e+00
1.545690115093959349e+01,1.099946727785376277e+00,-2.230706780824944224e-01,2.050510195872704955e+01
1.466389300426367903e+01,2.146085221707182189e+00,-3.875481290985915095e+00,2.688686908953343746e+01
-4.318905763497187245e+00,-3.797762220639451680e+00,-1.485698806358021606e+01,-3.518463041600130570e+00
-6.391754636228461628e-01,-1.124757450566802675e+01,-6.410005328060130125e+00,-6.452806874277717597e+00
2.287283549054341591e+01,5.220727388277482284e+00,-6.314055910281742179e+00,2.271961737471829679e+01
-4.491022908674223935e+00,-9.579061131887854685e+00,-7.843739688076308170e+00,-5.263058933358109925e+00
-7.759887735650877083e+00,-7.888294699689859080e+00,-7.682610743532409359e+00,-2.606159535662754934e+00
-3.068779957181600349e+00,-5.599234539215766304e+00,-1.063128169488222063e+01,-6.504556698387662372e+00
-8.784687709135074130e+00,9.249048551669039497e+00,-1.728154752278606310e+01,-1.164866270678818339e+01
-6.165511094357342792e+00,-8.354052320365106254e+00,-8.500467539899291936e+00,-3.906413879003476364e+00
2.152440424257650253e+00,-1.673228859616499875e+01,-6.297312567964177266e-01,-6.200227926812868162e+00
-3.080783860320899237e+00,-3.709264950925605930e+00,-1.187240314756731152e+01,-6.293765204058336948e+00
-1.320707689151685849e-01,1.106389600571021425e+01,2.748829849581563067e+01,2.033438680898425610e-01
-1.282556672349406135e+01,1.168312311447452245e+01,-1.552355173367900676e+01,-8.796351417371504056e+00
-2.773882017213468387e+00,-6.914303392549524752e+00,-1.397041254726319970e+01,-3.052435317930020986e+00
-7.847426571096971948e+00,-1.318605830896017750e+01,5.770990322098056957e+00,-9.397750625928818380e+00
6.295736766671801377e+00,2.655224592866009914e+01,-8.079317731065723152e+00,1.310699177829073570e+01
-1.135981138286257686e+00,9.344996952260810730e+00,2.512409378717634212e+01,1.987380766624930573e+00
-1.498084332520692996e+01,-1.603916810272936999e+01,1.381735799641734985e+01,-1.012484219019733978e+01
7.876974350083466581e-01,1.383309098753656485e+01,1.913548120809956288e+01,1.828669073383548005e+00
1.335861568515731967e+01,2.661336666116572935e+00,-2.781009828561805897e+00,1.991692437746304023e+01
-1.732528370320840061e+00,-6.421603274092651858e+00,-9.436919643283427916e+00,-4.767967976751417147e+00
-2.816094059096085456e+00,-1.314446355613850370e+00,-1.991435395657866891e+01,-6.193284262686878705e+00
3.186139439935846696e+00,1.713264860611771567e+01,1.548240770934005361e+01,8.117639643962257789e-01
5.299079178485861519e+00,-5.395896581228532440e+00,2.938713217603021377e+01,1.280951009536394913e+01
-2.577802848758443677e+00,7.814600257722079668e+00,-1.525341489548172724e+01,-1.459108829281640851e+01
9.004892151723561611e+00,1.479901588487594211e+01,1.540652665884903172e+01,2.327218544481409968e+00
-1.102269630896825170e+01,-5.014166439542567133e+00,-7.000886160082689713e+00,-3.261725697360955856e+00
-6.494931479365421367e+00,-7.962231192708868477e+00,-8.373443854454352575e+00,-4.911950391159622953e+00
-2.499817475791332289e+00,-9.668036567583657259e+00,-7.783990003095484944e+00,-7.002621802916564775e+00
-2.759558567575703947e+00,-4.842065635602754270e+00,-1.204710062162672735e+01,-6.698035245247353053e+00
-7.196560314918726498e+00,-1.423547928849843380e+00,-1.626556850638736407e+01,-4.400675580752393956e-01
-2.143537312082458790e+00,1.212582339597261161e+01,2.756035825131343131e+01,2.236690165672071462e+00
-6.640875558840818371e+00,-9.504885017291231364e+00,-9.321674302618173868e+00,-4.169784312322665221e-01
-1.647049445294599623e+00,1.129064755016313093e+01,2.668514487388049972e+01,1.005757896907703675e+00
3.264583020888462528e+01,6.948523338198595134e+00,-7.298045607358607079e+00,1.329738733172897547e+01
-4.234449730887123731e-01,7.832624324439052543e+00,2.733278973522491739e+01,1.890255081550834992e+00
-4.034944985039199850e+00,-5.257785692078823736e+00,-9.755187468372966464e+00,-3.246302520008133463e+00
1.430043800476920035e+00,-5.331114850168517272e+00,-1.009843246201481470e+01,-9.445330113512499182e+00
1.369011484990483041e+01,2.193901386737768799e+00,-3.372315192575326748e+00,2.196815885085391784e+01
-3.359276612132648943e+00,-5.872057446000218839e+00,-1.146229927251330771e+01,-3.560307124695331282e+00
-3.244336176850288300e+00,-5.043402684933414371e+00,-7.684337797900441025e+00,-7.157520538214279249e+00
9.137159034237072319e+00,-4.949572653747633666e+00,3.058936892117354844e+01,9.216039444396566083e+00
-1.584380937632490394e+01,8.951755490372558910e+00,-1.632307934610252076e+01,-2.065076925563349430e+00
-1.104578719136286402e+01,6.732724410250447100e+00,-1.508306713525838738e+01,-4.771996178200118344e+00
6.313482591675559918e-01,-6.135112800415108758e+00,-1.512996013891587488e+01,-2.425819978330441273e+00
-1.844063106035484623e+01,-1.920658183171707378e+01,1.168533783457691477e+01,-5.740268689498272403e-01
2.446168236499319248e-01,1.733128925513032570e+01,2.192540540030546126e+01,1.904573475342390132e-01
1.965110928231092657e+01,1.710718530537298276e+00,-1.079440968264230971e+00,1.403109826925138748e+01
-3.595051821874700515e+00,1.886856079982423040e+01,2.068176284981820956e+01,4.396742182740135618e+00
-3.858198321384869178e+00,-5.219426997624671216e+00,-1.006726093041070058e+01,-6.541628636744381886e+00
-8.088698858557208382e+00,-9.136807047846874141e+00,-8.933450798823551864e+00,2.757905917136568075e+00
2.841224610565851183e+00,7.513296683196167614e+00,2.866709712004824340e+01,1.959117137853480628e+00
9.621529287719971180e+00,2.847782978924912456e+01,-9.283685018340978701e+00,1.268695291159955474e+01
-7.643192591084845056e+00,-8.591533139786003304e+00,-7.782871655093114960e+00,-2.901842193720801433e+00
1.328698030047728018e+01,-7.589132267515866559e+00,2.268709563936337403e+01,9.017858429251393915e+00
-4.457495743953771239e+00,-6.624218254502446612e+00,-9.750005182101935119e+00,-5.057948069879676822e+00
-1.096928250278703842e+01,-6.735838004105537458e+00,-5.936491202411245283e+00,1.464729047307325338e+00
-4.960951119834332346e+00,-7.215320931378249369e+00,-7.658599768244714667e+00,-6.012763907337799196e+00
-3.146017277030266790e+00,-9.408109959577453552e+00,-7.086221306137879594e+00,-7.049668970389249445e+00
2.995790353940511741e-01,1.562433601190103438e+01,2.344948378179440951e+01,8.227482812432561632e-01
-1.142059507995874945e+01,6.024389324585182059e+00,-1.680403453399373603e+01,-3.799759710632695686e+00
-6.918546211094887433e+00,-6.811742211778007317e+00,-1.221861193484665797e+01,-1.415372847184123595e+00
4.937839977016956761e-01,-7.337317131812285176e+00,-1.595482829370229894e+01,-2.791831216670469740e+00
-6.668242242627363758e+00,-1.339666102981627738e+01,9.793121381680579773e+00,-1.068093264513886353e+01
-8.283792312853397455e-01,-3.136323897526974935e+00,-1.661553807580437692e+01,-6.036221142143376461e+00
-1.601258763971279819e+01,7.978771156436295975e+00,-1.279090998438158522e+01,-7.286885936378817430e-01
-2.546657128279739002e+00,-6.122728289620158471e+00,-1.053126078274655519e+01,-6.287970261700305485e+00
-9.071108144383799754e+00,-7.211360702552457091e+00,-1.204369496196498268e+01,2.963641917482679577e+00
1.443921213929789715e+01,3.763357402997579371e+00,-3.513396292689769940e-01,2.426435677699101490e+01
-5.608496428712316018e+00,-8.097838551064045376e+00,-7.491715940804050788e+00,-1.936800217773353650e+00
4.116451758687968421e-01,1.570133069980795781e+01,1.905947770417458642e+01,3.004010611293927435e-01
-7.563275544718068844e-01,-2.225548735615015872e+00,-1.605947894135981713e+01,-6.529572964700466997e+00
-7.604995166062829881e+00,-1.863062557491315729e+01,1.144454893175276844e+01,-1.247337652702896271e+01
-5.219341177931838160e+00,-6.554292862724323321e+00,-1.386798569043559759e+01,-5.037889901132409420e+00
-6.604155984107275223e+00,-5.652937520185008502e+00,-1.062883064818938905e+01,-2.888156407938639259e+00
1.228115864908813926e+01,-6.749223091758012494e+00,2.227958889025605771e+01,7.543992189891928213e+00
6.254323583196541136e+00,-1.119141772319031425e+01,-5.863880346197404059e+00,-1.384350887633071459e+01
-4.112135561629525426e+00,-7.817596184480644972e+00,-8.474866455020107381e+00,-6.821321238449406188e+00
-2.058191127973618251e+00,-7.127743980170924587e+00,-1.160724649368663286e+01,-3.833788625839578135e+00
5.129073786155649017e+00,-1.045979236866618933e+01,-7.666620847005508388e+00,-1.174696880165733326e+01
1.335392142489971157e+01,1.262177952717601848e+01,1.354461898051616586e+01,1.395617020122640328e+00
-8.065638985375796821e+00,8.736625198009940974e+00,-1.859142080184886936e+01,-1.148587013933168777e+01
-1.737984516941250002e+00,1.572197901543679066e+01,2.282546789720041858e+01,-6.676060034017448075e-01
-9.486766971250003566e-01,9.701235503941454397e+00,2.799845591508190168e+01,2.264747099467669944e+00
-1.961158942793134186e+00,-5.308188432511702359e+00,-1.715085231145242517e+01,-1.493985952472161927e+00
-4.890095116599924019e-01,1.450864304319859777e+01,2.011264159521111949e+01,-1.177809277362690032e+00
-1.323896043991775962e+01,-1.740023462835856805e+01,1.211247710610732931e+01,-8.005681337305608380e+00
-6.526791306593481501e+00,-1.838461586440774198e+01,1.019913442597985664e+01,-9.807867360057446859e+00
1.673506433155284157e+01,-6.683805298434743136e+00,1.393095799590268236e+01,9.513404687266437065e+00
-5.879030429287745108e+00,-7.037634820948539094e+00,-6.663545124014701670e+00,-3.775306263227121040e+00
1.834286742353559774e+01,2.740241499950728077e+00,-1.412695030418073538e-01,1.772891364435407979e+01
-8.897620140400217537e+00,-2.275272500322553171e+01,1.167585138132696976e+01,-7.014998356790535183e+00
9.989105283788711986e+00,3.451380204870122981e+00,-3.685403076162989233e+00,2.071251828802954975e+01
3.172333461012937050e+01,-4.967003101345205174e+00,1.777451316782981960e+00,1.414047286620168897e+01
-3.644718150018456448e+00,-4.249363279735922205e+00,-1.038452257222893138e+01,-6.048891619732976288e+00
-4.555061248795624351e+00,-5.566548015726421994e+00,-8.144240761693321673e+00,-5.114185000054329855e+00
-4.495199885478367463e+00,-6.437617232651581034e+00,-7.445649741915488562e+00,-6.973547150462444222e+00
-4.133246150366441718e+00,-5.612969210570502021e+00,-1.056777893173450877e+01,-4.002993448134152032e+00
9.235433255981606138e+00,3.052324802936227499e+01,-9.562319727293683513e+00,1.613813931760654441e+01
-6.081795316282077479e+00,-1.419508091608989453e+01,6.483441505698765983e-01,-3.311923259704033118e+00
2.012411334865929291e+01,-8.120865688985233533e+00,1.170836251719446608e+01,1.046877511209819644e+01
-3.973640117374955150e+00,-5.682947550208740317e+00,-1.194316430521878480e+01,-2.683960811785960132e+00
1.446231730067362342e+01,2.785928358268924043e+00,-3.016049543056063875e+00,2.129845187010300833e+01
-2.172460385721094234e+00,1.374765548877240207e+01,2.811748184222196301e+01,6.803528270559656699e-01
-7.459651434647394552e+00,7.767996258803335330e+00,-1.876945423886127173e+01,-8.018750480215860676e+00
-1.593670576352413093e+01,-2.022068461231761205e+01,1.277912925031542990e+01,-3.315259014578763708e+00
-2.702039314497835854e+00,1.232420274565114227e+01,2.986896994467650757e+01,2.109567149564229194e+00
-6.178924152070658593e+00,-2.904083068289416314e+00,-1.469477955491789167e+01,-7.528612107115284502e-01
-4.580968040325793744e+00,-8.274153920654306660e+00,-8.136991111248285335e+00,-4.859025281536936802e+00
1.384017399865139053e+00,6.676420401289010265e+00,2.768011124238080711e+01,3.376788959967667481e+00
-2.245025580566698320e+00,-3.482620054062815829e+00,-1.412613544249382613e+01,-1.930807364207658416e+00
1.177329589965025747e+01,2.368719450883730104e+01,-7.953776355159930311e+00,1.228838226891405050e+01
7.758791480714664068e+00,-1.037399589443214509e+01,-1.098213671995441132e+01,-1.273015448804439842e+01
8.119338334677030034e+00,-6.354589775333603363e+00,2.316221460439984270e+01,1.355464804466304507e+01
1.077546004193609619e+01,-3.824236613211220437e+00,1.719044656476348010e+01,1.271472230073231202e+01
-1.695252749543007864e+00,-1.075519846139519409e+01,-1.496110162711682179e+01,1.341500298650469825e+00
-1.277095866371335875e+00,1.049312965362407013e+01,3.168026312108628773e+01,2.611584002343986022e+00
-1.480310071686723461e+00,-1.120386471569811704e+01,-8.506839482786588746e+00,-5.513013750844330652e+00
8.033099866599483718e+00,-6.655868236032862484e+00,2.432410069133871744e+01,1.158062914919799091e+01
8.807910415711480701e-01,-4.229388397428548885e+00,-1.615577938928273483e+01,-7.430824655910654108e+00
-5.050490363468639110e+00,-1.790927390856228740e+01,1.095830162846851330e+01,-1.150466695363548375e+01
-7.025700518082098611e+00,-1.755445630490594056e+01,7.670100969881863406e+00,-5.652115775615365934e+00
-5.246865385659316594e+00,-1.648865940330335178e+01,1.169371995879396664e+01,-1.461844035371921358e+01
-7.155478968620375468e+00,-1.568967871541813075e+01,1.159291888717155850e+01,-1.377227959192464368e+01
-3.451627439860224467e+00,-9.849269181145150043e+00,-1.029206291680147878e+01,-1.471839061142359517e+00
-1.129709731866748434e+01,-7.354379379299317954e+00,-8.798095130106032613e+00,1.493354665200678832e+00
-2.928610313444641733e+00,-5.282409634828623801e+00,-1.328650574426452202e+01,-2.956064500106696524e+00
7.933905809254822028e-01,1.239756235037267729e+01,2.449147183816495499e+01,-3.671883421426339056e-01
-6.364411341037112813e+00,-4.924414896593495961e+00,-1.621312842331196791e+01,-3.264166175162661609e-01
2.660827876982253121e-02,2.000223017883059029e+01,1.478415797216323035e+01,1.283325811917605197e+00
-7.879113897757744844e+00,-7.183543052966958165e+00,-4.809182390996590506e+00,-1.236742094355763877e+00
-3.629747613450351018e+00,-1.672607113137202672e+00,-1.320687667613410277e+01,-3.587090838959607897e+00
3.384333394764495040e+01,-2.296242760191895549e+00,-1.827351589354630379e+00,1.658849157528160845e+01
1.793475756115003250e+01,2.577801676965137290e+00,-4.373635190173434384e-01,1.782673072573579987e+01
1.386526384087095054e-01,-1.053457737296858454e+01,-9.805149355921221499e+00,-6.056368991830635373e+00
-9.573136408532024078e+00,-6.465522269084561735e+00,-6.885873629829373677e+00,-2.374942298508505800e+00
-6.733557532104184062e+00,-5.169492399708140340e+00,-1.144650911383651071e+01,-4.209109956102478733e+00
1.303967833648930874e+00,1.073236816923179404e+01,2.157005192853605990e+01,-3.038962362239907122e+00
-4.625804883397099942e+00,-3.519236937204432536e+00,-1.641678718156878247e+01,7.001827674943090773e-01
-1.583374292793826932e+01,6.867006429599469719e+00,-1.539020038931434620e+01,5.220834124333685600e-02
-7.263481803922984259e-01,-1.940041453649594771e+01,1.168762889813434347e+00,-8.203121013555662699e+00
6.769749742760902134e-01,9.444408636096817133e+00,2.468747778614646293e+01,1.823820360550588715e-01
-4.283399038286105132e+00,-1.278448811805308338e+00,-1.525068039374705542e+01,-1.432655644077468704e+00
-4.230577569318225706e+00,-8.832902616663391271e+00,-7.608188185503508727e+00,-4.675091698567412912e+00
-4.373027933993755667e+00,6.933589769620198240e+00,-1.197627437803812711e+01,-1.103087239629234517e+01
-3.496612774029616233e+00,-3.291212490089942211e+00,-1.413448250935191908e+01,-2.095205361379658626e+00
-7.736801100870163150e-01,1.065171133838507700e+01,2.447880340699893154e+01,1.049470093249410763e+00
-1.073878367167659853e+01,7.777200989675649545e+00,-1.432357831809285997e+01,-6.520443203058554182e+00
-2.924105138095884460e+00,-9.519371474028487157e+00,-1.132350405071791855e+01,-7.287310055196236647e+00
8.613180711400600487e+00,-7.208825939450353104e+00,2.745105100241990215e+01,1.029345587186453059e+01
-2.977971852196863889e+00,4.864865430965817694e+00,-1.319745983080684404e+01,-1.293636894936316395e+01
-8.584809348596522227e+00,-8.496630979648518434e+00,-7.673896965086564492e+00,-1.729776542044927812e+00
-5.706514703407382649e-01,1.043937920731135804e+01,2.523952462467723379e+01,4.854429098057300718e-01
-6.951209806339744723e+00,-3.391575486707951725e+00,-1.787838982525708076e+01,-2.902084193484611441e-01
3.897304891831299134e+00,1.391373710096342364e+01,2.279748476958701531e+01,-2.011328863957923208e+00
-1.589117146321609830e+01,-1.565529608446680498e+01,1.149593044412401177e+01,-4.261196696791366811e+00
-6.717505267052944262e+00,-6.095390131763871899e+00,-7.127801138434441519e+00,-4.274715021417741845e+00
-3.394930447013175812e+00,-5.680370911955571422e+00,-1.215517952452812089e+01,-3.920132076222918815e+00
-3.863174518696391058e+00,-6.179854106548996917e+00,-8.169717867108715836e+00,-6.429985556682673575e+00
1.069599886097676134e+01,2.319700650476374548e+01,-4.924574651858236507e+00,7.691814470005641446e+00
-8.605808122461399146e-01,-7.049890665504258358e+00,-9.946160512348606986e+00,-1.089818412198505548e+01
3.973753132767778595e+01,6.077535221346497707e+00,-7.142379876071954570e+00,3.441148703580063195e+00
1.272773200641924840e-01,1.842432192173510686e+01,1.927626892359485922e+01,1.883165109562054518e+00
-1.987162427535581477e+00,-5.191744578579706726e+00,-9.428993511707933095e+00,-8.059349920005152157e+00
-1.154532400599262409e+01,-6.183939058416971335e+00,-1.142740757310417976e+01,1.832677642767716275e+00
-4.521372453018329907e+00,-2.051022938933377393e+00,-1.630494190474429672e+01,-1.115657449363542053e+00
1.013842946967791647e+01,2.548564085826500758e+01,-4.602832042741596297e+00,9.938481504641053732e+00
-3.980638160465653552e+00,-1.020613597131023909e+01,-8.371983152837326969e+00,-9.035894754568306597e-01
6.404236766486828714e+00,2.677032851885211429e+01,-7.833373477236946769e+00,1.184619873480518670e+01
-1.739263970880208987e+01,-5.000287260117934451e+00,1.637126422898855083e+01,-2.154050888879007886e+01
-1.762113142223868500e+00,-1.900121273354414342e+01,2.649080165611370496e+00,-8.041621190018485521e+00
-1.111723745587321011e+00,-7.369635276354609132e+00,-5.901837391824648726e+00,-7.944299207949709007e+00
6.552781089070355836e-03,9.515345112931159477e+00,2.488185705684847804e+01,7.100804256636858991e-01
-4.320321532107135987e+00,5.997037608797076480e+00,-1.883585921522400142e+01,-1.168849258826103465e+01
8.713650602847147653e+00,-5.090682358735304724e+00,2.562688441905743630e+01,8.680094797426162856e+00
-5.106705265007477124e+00,-6.867600352788347351e+00,-8.650576803288851480e+00,-3.606290958950348458e+00
1.473085935003738811e+01,2.625995695221350346e+01,-8.894648174344213842e+00,1.304568826438754314e+01
9.694245638263140563e+00,2.253020975847577745e+01,-6.042006162546243786e+00,1.477026530170925156e+01
8.935224279379911039e+00,-5.815820680551461841e+00,2.457142265777277856e+01,9.021958331840101764e+00
-8.802428519619665437e+00,8.469658063154511751e+00,-1.855975232475628900e+01,-7.820261807219889505e+00
6.809342806321066810e+00,-5.286421277665115603e+00,2.497468133173524762e+01,1.071430607130756840e+01
1.078076517545176083e+00,4.500666764043911527e+00,2.620885346299399643e+01,1.895415514611301866e+00
-8.617299111282790136e+00,1.059563486093448997e-02,-1.620934370229934274e+01,-1.979633291597103217e-01
-1.988379067507956233e+00,1.920802108614015680e+01,2.178308203514339425e+01,7.573459987638072599e-01
1.257199862603657259e+01,9.165998267048854231e+00,1.121075772985902219e+01,6.957287395774428562e-01
9.605699256971973909e+00,-1.027263679052085621e+01,-1.097831535948203019e+01,-1.462444938367661607e+01
-3.361799202101206085e-01,1.543722132414744053e+01,1.359908931614490157e+01,3.257837756275040242e+00
1.132873188971719891e+01,-2.408898983591100773e+00,2.187087657075875313e+01,8.312618018736870340e+00
-1.819251680675819882e+00,-1.078467554891233959e+01,-5.947742730938176514e+00,-5.670746852083121681e+00
7.290735027809734703e+00,-1.247439843699521411e+01,-1.008447600956969303e+01,-7.656554101384929645e+00
-6.391966469407924123e+00,-7.525835774552853685e+00,-7.233271646196500981e+00,-2.684302642242021086e+00
3.955607736369755489e+00,1.363400873778408595e+01,1.848559145468679432e+01,4.252287692875648339e+00
-3.415585546735182110e+00,1.931286410548417720e+01,2.516912838842566913e+01,3.416490948568539632e-01
8.139531099172772954e+00,-5.268433791346871509e+00,2.297419391744720585e+01,1.397257217227505777e+01
-9.365552139574266022e+00,-1.401294582906203345e+01,1.182725978614781503e+01,-1.107047810472691829e+01
9.962160560566758249e+00,-4.222691823401929945e+00,2.583832816042488290e+01,9.331134801184374439e+00
1.354791303998537622e+01,-6.993574031378842371e+00,2.655794775796445251e+01,4.239727243936891377e+00
-5.049011840638828907e+00,-1.829227335267117738e+01,1.133119743269758750e+01,-1.190760050558723115e+01
1.382428083934274454e+01,4.734813581769947710e+00,-2.890325780753404850e+00,2.331897216524491867e+01
-1.010076682730858444e+01,6.622015755816755167e+00,-1.418484094984186150e+01,-8.339910605636541518e+00
8.225189324222679232e+00,2.669946287007817176e+01,-8.220690401028194927e+00,1.000006622774310117e+01
3.123017737734213739e+01,-3.625029720807322331e+00,-2.033063475283120702e+00,8.096917570061794578e+00
-8.941659436257232585e+00,-1.768377796960049153e+01,1.062267313033949101e+01,-9.065536950401202887e+00
-2.308326417316312273e+00,-3.976449993569996622e+00,-1.218633394164808159e+01,-6.690010488096080898e+00
1.019176794750337933e+01,-5.347460330689310481e+00,1.878932809026343520e+01,1.371837830343037901e+01
5.830992955992046589e+00,2.201419156971817870e+01,-7.212780294593308383e+00,1.255323499830514322e+01
-7.660277935547494366e+00,-5.677970676287258378e+00,-1.158684478698785725e+01,-2.087165795573183935e+00
-8.006236027291721014e-01,1.519134561597279465e+01,2.212889735149225956e+01,-1.687745459306812856e+00
1.073326474164611533e+01,-5.875734049842195716e+00,2.071425524659854744e+01,1.050527185494254923e+01
-6.549194585586670669e+00,-6.029111685973616019e+00,-1.227765383550336331e+01,-3.110764936719186302e+00
-5.314832871548583526e+00,-4.581251485742912521e+00,-1.323818437178468344e+01,8.575611984281934497e-01
3.754264442603183038e+00,1.252048274674151429e+01,2.117303355924493502e+01,2.261501212881471101e+00
7.211700867912516077e-01,-6.743779203076264217e+00,-1.547830764911430812e+01,-3.921149784513115133e+00
2.274114931206040069e+01,-2.179246131880184567e+00,-1.192406398243832877e+00,1.721894454906187377e+01
4.643492142655965438e+00,2.454599125635303025e+01,-7.546929222419135108e+00,1.569895195300733626e+01
-6.176955278759453938e-01,1.542992682139114713e+01,2.790110832976206368e+01,-2.496176751123159399e+00
-1.642435269953700927e-01,1.044318777560604872e+01,2.703605923838742342e+01,-9.784061484398855202e-02
-5.221324268568719340e+00,-1.542226743965736890e+00,-1.749039214212732318e+01,-1.800347563376751392e+00
9.472390426005491193e+00,-7.576576472059601386e+00,2.959412412919345314e+01,9.313914806527916923e+00
-7.039829932446195482e-01,1.737125137297098121e+01,1.273851290978547368e+01,3.109104875111625699e+00
-7.475108843831308469e+00,-8.608704906934553591e+00,-8.412593357392795568e+00,-1.365239126517349799e+00
-6.425028347207966561e+00,-6.533042531166616484e+00,-1.158678461962184159e+01,-3.187193538781157631e+00
-8.800684352254855014e+00,-1.658356224235587817e+01,3.869820297590181202e+00,-5.434785611911139291e+00
-8.232693566385401951e+00,-6.541228355296389019e+00,-9.893470786757864843e+00,-3.213517974572602576e+00
3.713529180012585584e+01,7.933573037785000004e+00,-6.337503725928899101e+00,2.174067959821884610e+00
-5.435678837683695974e+00,-1.877800475100190880e+01,6.016611005297007431e+00,-6.459669973529086562e+00
3.419262873111328815e+01,1.137797117078927123e+01,-7.221385508915539653e+00,-4.192669323915814150e-01
-8.289055049174966217e-03,2.036252216035588702e+01,1.617584159034796087e+01,1.900748421683323253e+00
-2.250295537406097779e+00,1.865994001331939600e+01,2.291519411979485454e+01,2.542410131460477729e-02
2.304167541178371081e+01,3.151630512449984156e+00,-4.141488154768400598e+00,1.766622075943137915e+01
-3.325995322342848226e+00,-8.456501000595951778e-01,-1.388574348736925224e+01,-2.122996379195028815e+00
2.240634565587095040e+01,2.088460081830099679e-01,-5.155141870964746742e-01,1.460084791708805163e+01
-5.048950746329142980e+00,-9.455905129177921697e-01,-1.324910527948688355e+01,-3.190679205574411981e+00
6.867478430609035289e-01,9.802790346483785555e+00,3.026405331745696969e+01,8.068288082347647716e-01
2.697416435421412295e+00,1.400848488392244739e+01,1.829357196183676848e+01,1.046060869432330342e+00
-1.249487675945390386e+01,-8.779295964018135834e+00,1.559999814875108370e+01,-2.098431929568184984e+01
6.248440946809363794e+00,-6.798303415862831933e+00,2.906131551946449676e+01,1.245527199337180946e+01
-1.004991274734964080e+01,-2.148736820411646420e+01,1.162353732987515009e+01,-5.827061982612199209e+00
-1.122780620434020993e-01,8.571732838837236912e+00,2.582713508402371616e+01,1.203777915014321076e+00
-5.448931612380584433e+00,-8.159178136307122742e+00,-9.034874653474304296e+00,-2.013758154755676433e+00
7.145836136459990939e+00,2.394261511545692755e+01,-7.279233468924965145e+00,1.093859307515164936e+01
1.841406826555102016e+00,-9.083094192074822715e+00,-6.915388232054544559e+00,-9.907723001374943550e+00
1.100915975185127671e+01,-5.845958701491798415e+00,1.617909324741883736e+01,1.371374773374532730e+01
-1.819132076075870241e+00,1.240773420898174173e+01,2.641905151197159185e+01,5.202503973336193965e+00
-5.293613121103803998e+00,-1.433779036483360469e+00,-1.736550276402807214e+01,-1.999924693095799899e+00
-7.200034573737544186e+00,6.396128644884353953e+00,-1.533147054533512232e+01,-8.465324051205735501e+00
-3.933712497828745658e+00,-5.156623446217763806e+00,-1.081195707658966931e+01,-3.891051988120386884e+00
2.094126822853084047e+00,2.694900385936060161e+01,-8.927220123638246463e+00,1.949529784772928664e+01
-2.739629534021493562e+00,-6.428308886906634712e+00,-1.207344923622934196e+01,-3.226213043367923916e+00
-2.395492548235653274e+00,-8.803941922452274582e+00,-8.026733287641109271e+00,-3.397299842371488410e+00
-7.110632031476415094e+00,-6.185563647274578081e+00,-1.024341819272705933e+01,-2.136393133775885023e+00
1.296319838783843537e+01,1.999109236187009309e+00,-4.534855483729382186e+00,2.933436922572845518e+01
1.207730073050126002e-01,1.248799513275668360e+01,2.485323195574221700e+01,-3.236463304799199192e-01
-8.861471107683668080e+00,8.182794270783530166e+00,-1.314479758771727980e+01,-1.040244501496226448e+01
-3.923545098901754624e+00,-4.949803000638069328e+00,-1.189589799890423016e+01,-4.218494707160148849e+00
-1.587152464111337835e+01,9.725302417961080081e+00,-1.619993782922225378e+01,-3.809706847800585550e+00
-3.399269148215604108e+00,-3.760043630229906064e+00,-1.173609150807759960e+01,-6.034543174072335425e+00
-1.849964995736705031e+00,1.944424053726620727e+01,1.935818219211379443e+01,2.781342616619398189e+00
-4.491607692875476232e+00,-1.887786075865516722e+01,1.260332494638232603e+01,-1.548604563670807011e+01
-7.357382395636091310e+00,9.065876983457570759e+00,-1.725510047825632753e+01,-1.151469008154413309e+01
6.469149236082496479e+00,-3.956090970328432377e+00,2.388686385122966271e+01,1.075594478319140457e+01
-5.693817138932590005e+00,-1.818610465601789627e+00,-1.376773517081643305e+01,-2.900222513615911879e+00
-3.962353726128520215e+00,-3.041118782297968171e+00,-1.553229362415104653e+01,-2.835512326266598215e+00
-3.215761620913573093e+00,-6.762797561987558659e+00,-8.492896540542364647e+00,-6.703675625067884170e+00
-2.584581056311228586e+00,1.761010339223054189e+01,2.625009570290300687e+01,-1.100486690310947369e+00
3.620338715932906570e+00,-4.428282188237811390e+00,2.599565297562212862e+01,1.345502254571955625e+01
-6.633562529618011183e+00,-7.087703978525079940e+00,-7.453834796860325795e+00,-3.161150884138437700e+00
-5.465394244140319380e+00,-2.650314630341925159e+00,-1.781740115607776787e+01,-7.078707049916540539e-01
-6.961575034500845582e+00,6.696758088694605426e+00,-1.741071930871000362e+01,-8.771048684187784161e+00
7.092839484634416714e-01,1.433194816762790857e+01,2.360978324044689103e+01,-2.505656337273796996e+00
-5.976730938802868209e+00,-1.458288291202762821e+00,-1.759028712740113676e+01,-1.696234798460129145e+00
-9.911765124672935467e-01,-2.016887568199487291e+01,1.107764281955190722e+00,-5.702528199577087342e+00
-4.386370613516627159e+00,-1.032911817103744356e+00,-1.544145156672296437e+01,-4.559581239083987825e+00
-4.009904547788424978e+00,-5.168012446638037716e+00,-1.089933208111704488e+01,-4.977041642495017904e+00
7.808755718658581202e+00,-6.270771318850003162e+00,2.394881068889788622e+01,9.852959727405622203e+00
-8.198676297077923891e+00,-1.322958993570108532e+01,1.060770285448770522e+01,-1.621096026444074312e+01
4.646962865565608114e-01,1.002357286071645781e+01,2.346697017681626107e+01,3.979962076961511386e+00
3.608274633278824250e+00,2.491965610920899632e+00,2.843954498207406090e+01,3.215030885810278516e+00
9.019152474889672533e+00,2.244818709445937444e+01,-7.216036330469266069e+00,9.566560158668371727e+00
-5.516144733812685885e+00,-7.126151394684827167e+00,-1.072286175863395918e+01,1.214544927411682629e+00
-4.864406075466983559e+00,8.224719586822333284e+00,-1.642217270619563863e+01,-1.167369246890752343e+01
-6.132775065045308338e+00,-7.746703658468061526e+00,-1.047635647521532576e+01,-3.950644661166227145e+00
-3.111670683097933043e+00,-4.826872549643552723e+00,-1.977811439672355931e+01,-1.810487729554222547e+00
-8.591165825627592456e-01,2.195474952284416759e+01,1.695130939743558329e+01,3.376875525680549384e+00
2.135825018192099023e+00,-9.736841778178558116e+00,-6.976781763175512019e+00,-9.234810933930850396e+00
-4.127391644163020068e+00,-6.305108241281500270e+00,-1.243068276529166738e+01,-3.474820851890781270e+00
-4.820320238513268407e+00,-8.884340015384726286e+00,-7.928148760150361518e+00,-5.130763665461277157e+00
-5.836652306367678733e+00,-6.166608272150223335e+00,-1.237109760799057590e+01,-2.362944790724447852e+00
9.808129955477177475e+00,1.101650476500670628e+01,1.807931135258452215e+01,1.395528532886060713e+00
-3.271336588513841015e+00,-8.090483824613006192e-01,-1.670848820988865313e+01,-5.141074279731650876e+00
-6.250600106353457974e+00,-1.746942208204775326e+01,2.763520008712093023e+00,-5.668716734496520360e+00
-3.450711701733574444e+00,-7.469709873484816853e+00,-7.591334358728700771e+00,-4.623095204406673098e+00
-1.463046953987105825e+00,-7.690308411404746636e+00,-1.034077118126004358e+01,-5.591687814118682098e+00
-2.016293662720129998e+00,-7.049669572400302009e+00,-1.290362707998908576e+01,-3.268588318865964570e+00
-4.655774047657904369e+00,-1.415112731267011981e+01,6.079629805315628133e+00,-1.513612599314872753e+01
-2.463210880222338695e+00,2.252606335644874669e+00,-1.589906298700548071e+01,-8.963887634791836589e+00
-5.828579113229621633e+00,-8.661937347150436395e+00,-8.235626885911358386e+00,-2.219565935670053669e+00
3.376336720896129151e+01,5.157782873788005595e+00,-6.484027898329971507e+00,4.773035433794330373e+00
3.322173512384437366e+00,7.394463983712655342e+00,2.806446969983245410e+01,-1.453611574213271362e+00
1.662816357296718550e+01,3.023723224334703197e+00,-2.616472682804980465e+00,2.149348255800747154e+01
-6.723907781944670203e-01,1.156637153356620651e+01,2.163171473798382394e+01,4.235164155761380056e-01
3.906751898528816014e+01,7.834283501383585424e+00,-7.201810242952901397e+00,1.932231924407237011e+00
-1.644569968658526338e-01,1.304582352473839002e+01,2.787253592067449404e+01,3.198812087354886646e+00
-4.263752518115579981e+00,5.111392635912986648e+00,-1.472296725753709268e+01,-7.566003858509001034e+00
1.626313230313177627e+01,2.065051168042014940e+00,-2.918090659577963208e-01,1.983753102385581357e+01
1.804511779896234458e+01,9.636721090752729424e+00,-8.488933844105968518e+00,1.874755029589702104e+01
-3.006174739949257546e+00,5.403392227987261265e+00,-1.451476928615206141e+01,-1.456896308805056783e+01
-2.337260235576781753e+00,-9.950643058241128713e+00,-8.187065750858494084e+00,-3.341143039386644364e+00
-1.541094807381347032e+01,6.534689842931260984e+00,-1.544341127496351795e+01,-6.488068514222248284e-01
9.720765231612421786e+00,-7.467778506684514817e+00,3.108853437850270041e+01,1.000523896662193835e+01
4.039211519221471036e+01,5.039416843697930304e+00,-7.499717763890676459e+00,1.700409896104124297e+00
3.025994011425367614e+00,1.905819173812686884e+01,1.589427697332679479e+01,4.541117079440811777e-01
-2.799486826554232533e+00,-7.365107086448560381e+00,-9.455058511771303742e+00,-4.599261760865133830e+00
-6.491367083241547320e+00,-7.063160056545990884e+00,-7.360541011904109254e+00,-1.429940604875777233e+00
-8.850583226266302006e+00,-1.501222089887671629e+01,4.614555124171622502e+00,-7.496059230201984391e+00
3.212175103973962109e+00,-9.035657489918682117e+00,-7.566753284175527838e+00,-9.289273962103917981e+00
-1.839654567737683821e-01,1.598319511422695349e+01,2.162520452400223192e+01,-2.493028329440367119e-01
-3.859389148734121200e+00,-8.214937008457143364e+00,-1.220534215933725797e+01,-3.052703874994956434e-01
-4.519985216336506184e+00,-1.833366271693666860e+01,9.188205566402992019e+00,-9.740862361676224879e+00
4.314414006436296134e+00,5.191636297338218853e+00,2.850983581570536529e+01,1.182012304337978437e+00
-6.414386219528520172e+00,-1.043201424548385603e+01,-8.646348025442646801e+00,-9.135562380913858638e-01
-9.304396190062046657e+00,-8.659137892225471589e+00,-5.621311241390231750e+00,-3.100758672154198536e-01
-4.085205163949867213e+00,-1.466584092161352260e+01,8.960145019396822619e+00,-1.046829332963027959e+01
-2.750651226707194752e+00,-9.898093459665478377e+00,-7.720732785957087785e+00,-7.052589077582674726e+00
1.677761700961767843e+01,1.701122290007839766e+00,-6.989848988175887401e-01,2.193653281460363402e+01
-6.282226355668335538e-01,8.024878963715321945e+00,2.911873375472856296e+01,1.512630932884765134e+00
2.709629988112636667e+00,8.060493742708612075e+00,2.490722282786067510e+01,-2.062432311862988921e-01
7.020295784880590695e+00,2.918976973194250490e+01,-8.778310488667568023e+00,1.461027649548720930e+01
-2.178925331694104184e+00,-4.608973918792591995e+00,-1.124504083736782434e+01,-4.648320857854759680e+00
2.572170790877041213e+01,1.273992441511066431e+01,-5.482719067079635522e+00,6.094641909573335070e+00
8.529280039506845212e-02,-3.884705329714140731e+00,-1.155484221042324222e+01,-1.042683107461845538e+01
7.607478863762169752e+00,-2.956663504307758039e+00,2.494768618393920079e+01,1.005298707306874029e+01
-6.954150992621020322e+00,-5.529678562099593186e+00,-6.718857755484778593e+00,-3.007470308008266979e+00
-4.061474785360926987e+00,1.351809466862248676e+01,3.083403148944107741e+01,3.035092935528530766e+00
-6.608181451603027945e+00,-6.255853072379980340e+00,-1.213207690286386686e+01,-2.911068958442089905e+00
3.647866791412917564e+01,9.123146730286345374e+00,-7.178795503520286836e+00,1.224966848596878544e+00
-1.363556646157541463e+00,-4.811247050440124795e+00,-1.527146557573138352e+01,-3.627285894045732206e+00
-1.442378770595340587e+00,1.398167430447741744e+01,2.122907587756929004e+01,-7.158320068979543427e-01
-1.391286824582077131e+01,-1.334997026343527970e+01,1.353702460385609641e+01,-1.444231218917096982e+01
-4.858485034999278973e+00,1.024029384530177822e+01,-1.829822012977491852e+01,-1.491020864550130831e+01
-4.853504666611526019e+00,-4.410067725180236486e+00,-1.293215458063549939e+01,-4.944378106381840610e+00
-8.508770869054259833e+00,-2.225956915114236878e+01,1.096745628923005889e+01,-6.756033957299628412e+00
-2.925277257795163788e+00,-5.258820250799411511e+00,-1.026648077293292971e+01,-7.300735203586331323e+00
-4.593562030028721210e+00,-2.865566893018616668e+00,-1.581656493050834733e+01,-5.106459012604287473e-01
-4.688652991184696361e+00,-3.140152161183863200e+00,-1.519277743075766729e+01,-8.575767864009185004e-01
-6.879183977590400900e+00,-4.138958534652350529e+00,-1.782843888775912333e+01,9.499088956235914871e-01
3.404576158737278035e+01,-4.151371808691395771e+00,-2.382344580733750661e+00,9.265537989442908184e+00
-7.032196755359825247e+00,-8.327388570145334512e+00,-7.568352886158778325e+00,-2.178891910928006936e+00
-6.743037497422785798e+00,-6.327090452562148748e+00,-1.021945149422775145e+01,-5.668128500079759879e-01
-9.115461400351879462e+00,6.365405595747829715e+00,-1.705140496746945544e+01,-8.335141679765365907e+00
1.063186931945763414e+00,8.926869261869116556e+00,2.552634607905277875e+01,6.153117721990720296e-02
-8.157719280563611619e+00,-4.226213838427217984e-01,-1.914527946614292375e+01,-1.386463932498029239e+00
-3.655958294900360173e+00,-4.603617956867878114e+00,-9.435252630266994345e+00,-5.664190382413104352e+00
1.274191285011425645e+00,1.563727197920834122e+01,2.713351083417643395e+01,-1.812049404876070469e+00
1.265626821350504905e+01,2.116578989278910683e+01,-8.351818677727457896e+00,1.561732624568899652e+01
-4.363346490245545439e+00,-5.290220851860237161e+00,-1.568009419174200403e+01,-9.990880283238414705e-01
-8.637437609373886716e+00,5.632188335241534283e+00,-1.329621751145612585e+01,-6.026028836127809818e+00
-4.577182353079395583e+00,-6.312088675738920074e+00,-1.658391180355568295e+01,2.450415757067521128e+00
-3.790345069764040620e+00,-6.689717247933078426e+00,-1.189477674386213657e+01,-4.159311551400461937e+00
-6.965496347342604366e+00,6.965510096724129852e-02,-1.667539578403389200e+01,-2.237869799713336771e+00
-3.668197118581573601e+00,-5.735785449748131093e+00,-1.000083661443345129e+01,-6.314970659618629689e+00
-1.274663470436286516e+01,-1.580013858569806828e+01,1.049336921017177815e+01,-4.669888389462863110e+00
-3.260943647480772700e+00,-7.186239509600522268e+00,-1.110205617789721089e+01,-3.424490962744787037e+00
-4.332136218033907582e+00,-1.593384669041537416e+00,-1.923568398974907367e+01,-2.830038555749917251e+00
9.749015096610042619e+00,1.174149188881672679e+01,-8.252876913277244597e+00,2.225273770368234949e+01
1.399376505937615711e+01,1.270691601667963866e+01,1.527470990851918842e+01,-3.654900616799155344e+00
-4.576021423460603366e+00,-1.307663443753397736e+01,9.429915272429507667e+00,-1.275799496309867109e+01
-3.031424669850765419e+00,-8.910491223907538227e+00,-8.898904467239770355e+00,-6.947270707303149884e+00
1.430968311520592479e-02,1.005439065151730560e+01,2.716288000275522307e+01,6.020448815264463072e-01
-5.935107158285751972e+00,-3.384296399378584397e+00,-1.387580262927423114e+01,-2.661186107282100810e+00
2.624611451619782709e+00,-5.807044749461105049e+00,-9.740403589362069070e+00,-1.175492143153566182e+01
-1.180287585640587222e+00,9.838328331252295555e+00,3.241062324019806340e+01,2.281598711212991848e+00
-2.731924755684953077e+00,-1.929679204738701159e+01,-1.040663952944881787e+00,-3.491039559219574429e+00
-7.195885855462395675e+00,-7.854592840936840403e+00,-8.549613246566702074e+00,-5.427929072795883769e+00
-3.452725208457224415e+00,-5.872634540830605765e+00,-1.081143906572234492e+01,-4.998052323343588732e+00
-5.710512916015064278e+00,-3.943430733525613796e+00,-1.069577116820198981e+01,-4.314032993115477943e+00
-1.529224101775962907e+01,7.852257592534575004e+00,-1.528174824616226779e+01,-3.122401428437547644e+00
5.334483262676632975e+00,-6.713264474344727617e+00,2.336399808005505818e+01,1.228448540832056501e+01
1.779430842811026148e+00,-1.737856359141174067e+01,-4.816088395809027256e-01,-6.835195364532921758e+00
-1.965503424026410872e+00,-5.008179085236282191e+00,-1.291288607515816622e+01,-5.919035618731504300e+00
3.095272996474022875e+00,1.045456776508478391e+01,2.207488884396570938e+01,2.354254632654113610e+00
-1.277018138021008387e+00,1.482120770714782232e+01,2.451591761791511459e+01,-8.481982553431596239e-01
1.205041630226150140e+01,1.206151005471008908e+01,1.192486062059128393e+01,2.542897786009810090e+00
1.601152916186936537e+01,-5.711394661487343427e+00,1.893076100438047504e+01,5.739332165990565393e+00
-8.543686468195378581e+00,7.199238906745104138e+00,-1.702322503750498228e+01,-7.830225824862606210e+00
-2.703671410475763093e+00,1.078560162917892029e+01,2.723507772737959343e+01,9.316785688034130430e-01
3.439749022972201686e+01,-4.952903727278791912e+00,-7.833886052196489813e-02,8.008533443893099957e+00
-1.262284529328224769e+00,1.789778150645054922e+01,2.033135335842971259e+01,1.309857195095943005e+00
1.389986022727700776e+00,1.311288998211759349e+01,2.067459636289668268e+01,3.309392781119666171e+00
1.186316782497537137e+00,1.017878482081481373e+01,2.971255532715413494e+01,-2.112683200168773645e+00
-3.849039752290333016e+00,6.642832450048550719e+00,-1.352760665062029055e+01,-1.329946100335508952e+01
-3.686615214244772787e+00,-6.521302804104665007e+00,-7.477680166586823773e+00,-4.086731061998938763e+00
-3.988054581958444533e+00,1.345139935636598771e+01,2.911626472922426956e+01,1.781161074301632841e+00
-1.571945459932713729e-01,9.530929968345425607e+00,2.688282135215078839e+01,-9.097967044504090550e-01
-6.758078410089574106e+00,-1.938382857389784419e+01,1.202235867076990239e+01,-1.276311368327985640e+01
-2.603014596637589051e+00,2.255377512002713303e+00,-1.294321803320981701e+01,-8.891281484607146623e+00
9.439773571249046924e+00,-4.200855741763174223e+00,1.372022437536112349e+01,1.545241646415476211e+01
-3.372549610323866132e-02,1.235851588102265630e+01,2.746897479420096033e+01,1.640560565187854758e+00
-6.185944319365840327e-01,-9.855952774440272179e+00,-1.427550257259072986e+01,2.215899166007866850e+00
-5.834226537279997515e+00,-8.111710830037285547e+00,-6.183938640840059620e+00,-4.682733448935477050e+00
-8.642651814671556409e-02,1.358056518005345481e+01,1.998073657734489572e+01,3.233342184435779310e-03
-2.365115369652979194e+00,-1.779282343894283969e+00,-1.612503422638235051e+01,-2.839149496147447493e+00
1.955512904736494972e+00,7.350740384610002565e+00,2.261573866044166436e+01,3.774826561663022773e-01
1.707015356114248661e+01,1.523898395207671452e+00,-6.976605338328895067e-01,2.305982574035488852e+01
-1.919872423986798182e+01,-5.904824800107425276e+00,1.428905322164112413e+01,-1.342368281564120736e+01
-1.008912936021091156e+01,-8.138054133520384426e+00,-6.850441575517439041e+00,-4.898004999281475036e-01
-4.101954252585727545e+00,-1.638923871313159353e+01,8.694660968362196485e+00,-1.149768866814399892e+01
-5.625199739740766702e+00,1.795047145648524245e-01,-1.612532345096835584e+01,-4.196056830335591847e+00
-5.902011667188086230e-01,1.903836032482355378e+01,1.812578634175356029e+01,1.989977442348347614e+00
1.343228255748592304e+01,4.025406221695083886e+00,-5.770910300638101731e+00,2.740779244965324324e+01
-1.034728061368065966e+01,-9.124081157810218556e+00,-7.379127103192671733e+00,1.114937210935740275e+00
2.452179608929748866e+01,5.840161163857268356e+00,-5.182906897034644800e+00,1.695054684177831561e+01
-9.260288316246759521e+00,-1.391034435709562755e+00,-1.833391782042419393e+01,5.666766494383106423e-01
-5.328880158797926647e+00,-1.204653025197771399e+00,-1.393687945783888438e+01,-5.363212577079600862e+00
-4.099432025421610781e+00,-5.466736115498065374e+00,-1.226834110682085743e+01,-5.219781470297995440e+00
-7.510438918182140711e+00,-9.815817779683516875e+00,-9.475607829193789300e+00,-1.490986953573630314e-01
-2.928118433483921645e+00,-7.009268026136255436e+00,-1.662467604082164740e+01,-1.395905975915445296e+00
-8.379227218086922946e+00,-7.598943282471212868e+00,-5.302376543451339685e+00,-9.331132011744126542e-01
-6.747998152560706231e+00,-4.178560026801518390e+00,-1.651934919078144404e+01,1.953788280826680213e+00
-4.293115627477637197e+00,-4.201799088550576045e+00,-1.203777059374303882e+01,-2.491833079020339348e+00
1.289899268669692622e+00,5.624974765578059532e+00,3.271764418219129311e+01,1.898129769550439772e+00
-4.891361971652712803e+00,-7.286132463214880062e+00,-7.163782648903324279e+00,-5.774309606246595727e+00
2.202555318910389914e+01,3.845682733828734268e+00,-2.392741620844629047e+00,1.510119046148468058e+01
-6.717902201347538682e-01,1.301040308655947975e+01,2.565429868997349061e+01,1.233007883181464148e+00
2.616113252584759863e+01,-2.322290884245300724e+00,-8.275135596401727023e-01,2.024611500034960798e+01
-1.254549854592554681e+01,7.839449739282646767e+00,-1.640622454190900825e+01,-5.786150469311487576e+00
9.353778912784232347e+00,-4.586365013667011326e+00,2.364201871069623806e+01,9.520514850781991001e+00
-7.606036499333301393e+00,-6.940504266695485924e+00,-7.351123907905122934e+00,-2.599708355838419749e+00
-4.138178518989936272e+00,-6.205507810931963242e+00,-1.057737364885973186e+01,-4.863528462549364662e+00
-4.683526565227068339e+00,5.018114840698509660e+00,-1.718612878617531692e+01,-8.878757212588592296e+00
-6.993526425539845270e+00,-6.100833465535698608e+00,-1.336149504595008430e+01,-2.960957672431464793e+00
-1.171258349803470322e+00,-1.563416934483579368e+01,5.558304723607925268e+00,-1.314341993614904425e+01
-4.934964866823208673e+00,-7.183799203178254267e+00,-6.998699424054307450e+00,-2.826494474420587988e+00
3.658479962602864788e+01,-4.097472990431938022e+00,-1.188758974636502930e-01,7.253265549082350105e+00
1.036245850144638991e+00,1.129086817538876453e+01,2.206804824267012322e+01,5.417904463323669484e-01
-2.661839157959000612e+00,1.769679307104041399e+01,2.478855843420802074e+01,-6.606401931738538069e-01
1.115501771318749746e+01,-7.366139265759581001e+00,2.381559341449427336e+01,9.050519381510390815e+00
-2.261478932649770179e+00,-8.870800454928806644e+00,-1.543564232879704612e+01,1.534646760158460355e+00
-5.463183996109360230e+00,-3.583851317209600484e+00,-1.666616132519862603e+01,-3.708664087678799071e-01
-3.973674172531466819e+00,-6.023606967313898330e+00,-1.142680642687375503e+01,-7.371008755522561628e+00
-3.704410514198655413e+00,1.592219187689741666e+01,2.523921545988467230e+01,9.913394296057024269e-01
-3.854281665299943871e+00,-9.737514734362637814e-01,-1.545801725872949106e+01,-2.820779725126242976e+00
-3.595792535548550273e+00,-4.289469221785610742e+00,-1.187256192140914024e+01,-4.669496811624473942e+00
1.577592145493624898e+01,6.594447729059360164e+00,-9.360864147664100798e+00,2.625144067295045147e+01
-5.284095858883494756e+00,-8.843714629089269863e+00,1.400327851848149585e+01,-2.427651881859980421e+01
-2.760169210799506612e+00,-5.047922805417902836e+00,-1.071019214069392866e+01,-5.304833181092161176e+00
4.717600235160690936e+00,1.491809882537363308e+01,2.325463587116885122e+01,1.155199218909784165e+00
-1.569158896453707097e+00,-5.833836169261965132e+00,-1.169484995923793669e+01,-6.364501735116442127e+00
1.300126515153765361e+01,9.464462395902764058e+00,1.576652365571411707e+01,-1.608783602454010087e+00
-7.065291739944340677e+00,-1.640435098492494959e+01,1.111850721953430465e+01,-1.352101861025170138e+01
2.802111967638648782e+00,-8.816126939505721793e+00,-7.626747171631657274e+00,-9.639448014119482266e+00
-3.810582458801194505e+00,-4.094663220913124846e+00,-1.175348866929284597e+01,-5.915696474110172076e+00
1.814521892706714601e+00,5.007557752969908016e+00,2.945985326443555152e+01,8.791879305182910276e-01
1.604321828038411724e+00,8.712421608026922115e+00,2.717334637387200758e+01,1.089594953635334429e+00
4.934474193237640804e+00,2.938574628272555955e+01,-8.422848485574657929e+00,1.508861750173053728e+01
-2.273378029823389657e+00,9.184697999267315893e+00,2.817873947505717425e+01,1.673513235008526667e+00
2.382184987239273966e+00,2.357132953583350954e+01,-7.414235900237247989e+00,1.624881244546568482e+01
-5.946846549376567648e-01,1.095912341101149678e+01,2.695207796978511894e+01,-1.239458932513952893e+00
-6.573896359129389744e+00,-3.851309103079251894e+00,-7.777724758703781660e+00,-2.942428798352024977e+00
-2.997202906625365149e+00,-4.898205557929278697e+00,-1.744854115061554367e+01,-8.381869872816555267e-01
-5.830593294419244899e+00,6.711000810690437746e+00,-1.492312243462489540e+01,-1.136884375064804154e+01
-1.008340997438394560e+00,1.178409611073967866e+01,2.870964269902519561e+01,-1.051072068018253924e+00
-1.610282462846480911e+00,-3.515389985903808689e+00,-1.134334992316766133e+01,-6.940784983598685898e+00
-5.057884643722927009e+00,6.122521551767595938e+00,-1.475490400923569823e+01,-1.166700084977219198e+01
1.287881784196613255e+00,1.344001018416864390e+01,2.174509410197063630e+01,1.102013202070081799e-01
-1.275477970622979074e+00,1.808307099976875776e+01,1.931209510670914753e+01,1.277860025265914468e+00
-1.177063753772492660e+01,6.594786481078074303e+00,-1.362508709931716844e+01,-3.412722089219866639e+00
5.520961265934328566e+00,2.812278277907501689e+01,-9.037565350515878393e+00,1.562849731251178298e+01
2.732306141619847306e+00,-1.253208000552845824e+01,-5.285171064893642523e+00,-1.034938081550598099e+01
-6.399726145704263125e+00,-1.174109989815226962e+00,-1.489936295816546696e+01,-9.366082618316776687e-01
7.402357501177922572e+00,2.686697789225623012e+01,-7.800960705683528396e+00,1.206402461172397444e+01
-5.509823510942943869e+00,-1.010400174809974239e+01,-6.287889876192063632e+00,-2.770789243048961126e+00
-2.959495125736314236e+00,-6.564317001425204801e+00,-1.073175890408481870e+01,-4.240050685040879230e+00
4.853183132582254977e+00,1.560403987108977120e+01,1.663705467039250152e+01,1.579114677918639353e-01
-2.449370975196040856e+00,-5.324970394257927175e+00,-9.035832492805573324e+00,-6.261629990630124709e+00
-2.912923420530700636e+00,1.780276832921150643e+01,2.690642473480496122e+01,-1.022189083065458082e+00
8.255516913608785812e-01,1.638603613021773953e+01,2.616254530564630087e+01,-2.498476384668010919e+00
-1.067483949401994003e+01,7.292289966433665782e+00,-1.455194465393673298e+01,-6.364980424431453621e+00
-3.537253778343742106e+00,-1.547331885309060906e-01,-1.323606123193696504e+01,-3.825016599787337768e+00
-1.118608892032400659e+00,1.591363283725647726e+01,1.960298373267415428e+01,1.552955544518580089e+00
2.532210939266492655e+00,3.117795006241024680e+00,2.721155976521200515e+01,3.259274919753327282e+00
4.901156982221501202e-01,1.920015206177663458e+01,2.208758867501091316e+01,3.920209730463485309e-01
2.137669803560843107e+01,-8.385354535527209663e+00,1.914693024777660213e+01,7.840710490320812909e+00
-4.990189202693788850e+00,-4.538682536193785921e+00,-1.559984965370641774e+01,-1.267075455041736465e+00
-1.119221940051458830e+01,7.933234714439868718e+00,-1.427888517790604972e+01,-5.787874444250402206e+00
-4.859836917745299800e+00,-6.277528007413023303e+00,-1.172055620311689061e+01,-4.975955092028905846e-01
-3.636671829833050040e+00,-1.431775385675579493e+00,-1.715023913394437471e+01,-4.403029937762408252e+00
7.820104419534026796e+00,2.814731133979155331e+01,-8.377397541789406432e+00,1.465516567037976081e+01
-3.647563238058720625e+00,-4.880172828688827735e+00,-1.169946660172436737e+01,-3.736019748340695390e+00
1.782913328031916267e+00,1.133191640604678163e+01,1.933397925915933158e+01,5.406831258512899696e-01
-6.613305259370527267e+00,6.789264906301600178e+00,-1.596338772118922478e+01,-9.172291715584229621e+00
-6.106776879957142690e+00,-1.816684492185358835e+01,1.198936847221524538e+01,-1.259665735341677006e+01
-1.246307235955730697e+01,6.871771080045625979e+00,-1.327205229646965812e+01,-2.453634164824264108e+00
-4.436806465786837350e+00,-5.174566463896109525e+00,-1.110202466920041786e+01,-4.400437777649032434e+00
-1.263643466326912490e+00,1.674469608173377821e+01,2.146192966960970239e+01,5.088565941427912742e-01
5.594347048090829944e+00,2.625397568508023483e+01,-7.259944786647167803e+00,1.080391627414159927e+01
-1.322258896519966864e+00,1.830368970948412510e+01,2.187240572082664514e+01,-2.548873218818790143e-01
-4.483232477841041508e+00,-7.830674246863848609e+00,-7.569462295147531883e+00,-4.365317495033743000e+00
-5.895984934238913233e+00,-3.808907684007495575e+00,-8.182567345356078548e+00,-4.681716919059508264e+00
-2.044455392580755149e+00,-3.635369239643975181e+00,-8.768770364801300232e+00,-7.355257892641217765e+00
-6.499380990223557752e+00,-1.940870007168519251e+01,4.773717800277221812e+00,-4.799086825934137934e+00
-4.017445791100734631e+00,-2.202093448231193129e+00,-1.825142277813632674e+01,-3.861787544703372710e+00
-1.790811863832636908e+00,-7.355858458220412288e+00,-9.447310590906559113e+00,-2.686229244658604465e+00
2.571284840912484881e+01,4.033603793651987957e+00,-4.967165136881393828e+00,1.508060785529545278e+01
-3.973137348734935292e-01,1.126208856029738925e+01,3.003564374281272720e+01,-5.221348554520407470e-01
-3.591251094632869734e+00,-4.979022666482523007e+00,-1.226806759029850902e+01,-3.065336406904837219e+00
-7.039769976382238781e+00,-5.314533572160422104e+00,-1.096750668619733915e+01,-1.742988364209212326e+00
-8.747661590066547754e-01,1.534852203088473388e+01,1.528765541047216558e+01,3.341916213271470593e+00
-2.666769570665100009e+00,-3.756277731348867110e+00,-1.175749891977757677e+01,-4.912273392919487058e+00
-2.902257535564144675e+00,1.018739422009405615e+01,2.960413461520802159e+01,2.275352167862760400e+00
-1.463177005760455529e+01,8.947178192249316098e+00,-1.633178409873460524e+01,-4.537039097206126748e+00
-3.357965812431619845e+00,-5.154414854551524705e+00,-1.550298514844084607e+01,-5.503084402677789200e-01
3.990591599992097827e+01,1.022982102906821211e+01,-8.000374308524778044e+00,1.754304529973402360e+00
-3.462706217454527113e+00,-5.533285944513012033e+00,-1.370048790289206586e+01,-1.056215113225309754e-01
-1.463938664634053310e+01,9.201082192871659515e+00,-1.438563081102177499e+01,-3.648919376490089128e+00
3.979741467442283298e+00,-5.941653315264619373e+00,-1.446094590602471541e+01,-7.885373419532980321e+00
-2.638298367194702010e+00,-2.113014261785656878e+00,-1.426107643571822869e+01,-3.225789569276896529e+00
-6.765817305402577198e+00,-4.912031245155435322e+00,-8.034408392582673031e+00,-5.287743056859314450e+00
-4.684535988346871349e+00,-3.860643975574645115e+00,-1.245243941355050410e+01,-5.205532986801183704e+00
-5.681147273541000686e+00,-7.473630025477818961e+00,-1.086033890101287191e+01,5.089866028337948212e-01
-1.665371879536146738e+00,9.502028624974634852e+00,2.448946470853560342e+01,3.847258581052179327e+00
4.161238397284229507e+00,2.389795076695503795e+01,-6.553102480622968073e+00,1.100529685403694380e+01
-6.746011266809622597e+00,-6.844442826378766220e+00,-9.671421172548528844e+00,-2.904499515348895056e+00
5.122225775084195298e+00,4.017393508491197807e+00,2.522329464211257388e+01,1.750921450844425964e+00
1.736359119282490981e+00,1.208788417706390383e+01,1.881802026431695651e+01,5.300789292683865533e-02
-1.300605471220435572e+00,-9.197754014615441065e+00,-7.985614392288985286e+00,-4.456481463381266828e+00
-3.827840269205939450e+00,-8.314410303404395464e+00,-8.020704621587752214e+00,-4.835293492316800723e+00
2.073750423669011411e+01,2.434484103610321171e+01,-8.036860010522769215e+00,5.064847487291609163e+00
2.234222299888635188e+00,1.393430155921145719e+01,2.204606925647336269e+01,1.601879702409026163e-01
-6.797251308955021720e+00,-8.501219105696478096e+00,-9.670011019723652623e+00,-3.970222593645862386e+00
-3.437495290755056221e+00,-1.792594220845408159e+01,6.686433594661465918e+00,-8.778337601581920779e+00
1.644769861595327498e+01,-6.466556396484427260e+00,1.741634107811008292e+01,1.113316468841055773e+01
1.366962963413770282e+01,-4.299453578161879896e+00,1.308517792187596562e+01,1.235375285227080511e+01
1.753483897807788949e+01,-3.191043349589346434e-01,-5.777968125377275221e+00,2.708412490082224267e+01
2.219215840005118068e+01,-7.744290405135628719e-01,3.492724366810742720e-01,1.546942552427167961e+01
-6.598476877369749971e+00,-6.509260914542527310e+00,-7.088578089809467464e+00,-1.577764678698569734e+00
1.953727666082138725e+01,8.938355525721085826e+00,-8.337839298234095864e+00,1.955397593831158431e+01
-4.554375617707957957e+00,-1.448683422547673683e+00,-1.669927073344353019e+01,-5.194342730679122333e+00
-1.359882372696309183e+00,-3.959359206707728784e+00,-1.076243250888597380e+01,-7.788728713811565285e+00
1.008433333669630017e+01,2.745677111738911336e+01,-8.743068710249103148e+00,1.035958246982392872e+01
-1.807903768626218710e+00,-5.207119802534233344e+00,-1.418354491275546181e+01,-1.104408749008776169e+00
-3.318273998586965146e+00,-5.525862538700989646e+00,-1.357875619122707889e+01,-4.286389232956067552e+00
-7.045683493826845556e+00,-4.118091569670012220e+00,-1.478202765313851152e+01,2.110919649526477732e-02
-4.340059386809755893e+00,-4.397131132438352630e+00,-1.174131811319973728e+01,-6.467200649513624278e+00
-5.199209694633693424e+00,-2.419618660164363888e+00,-1.567241951254257692e+01,-1.059014829682133341e+00
-3.902404096987274862e+00,-1.644570577136816070e+01,6.142022833321824749e+00,-8.606522422059205368e+00
-4.092850280160846843e+00,-5.673153658923031806e+00,-8.092737432470883618e+00,-7.120242866623872402e+00
-1.650495946855086160e+01,4.364083859322393621e+00,5.710926497263963952e+00,-1.878195981973427209e+01
-4.952449124637812616e+00,-5.579178456208286008e+00,-9.037506983454676401e+00,-4.700567712406756193e+00
-7.871190792527999136e+00,-1.030147025935863425e+01,-6.688095352346747902e+00,2.898282080862724652e-01
-1.821605775391057280e+00,-4.305559577328439858e+00,-1.258237545961579684e+01,-7.983979327769784362e+00
-3.600172031104602155e+00,-5.848539390788917380e+00,-7.815515221930875001e+00,-4.252410834284185981e+00
-3.103121638076732580e+00,-3.210855084299705009e+00,-1.729210286503866811e+01,-3.027895894196106497e+00
1.669101406980488989e+01,-5.937746362753194340e+00,1.988338762045833619e+01,8.414132763558269446e+00
1.295587066168915769e+01,2.973381273726059604e+01,-9.634295269564315589e+00,1.256983078480019245e+01
-3.083048266848313457e+00,-3.274365645735865193e+00,-1.847206015111110133e+01,-2.307128388143598219e+00
-1.456904539608888216e+00,-7.928493181546947710e+00,-1.824933157206818635e+01,-1.078055295217307030e+00
-1.029256583583072526e+01,8.002841450181998439e+00,-1.790316384775503522e+01,-6.446341188662787935e+00
-1.292011817137950880e+00,-9.340954150012631629e+00,-6.779015730418852748e+00,-6.840207444286953375e+00
-3.980995838733214942e+00,1.684136827724719865e+01,2.373362495921346849e+01,7.545139858101925778e-01
