1.246332642463934270e+00,3.531294689650245289e+00,1.489407258604888895e+01,2.144647053045308505e-01
-2.842671119660558965e+00,-1.731095572365311641e+00,-9.047299703110660118e+00,-4.157111880508618240e-01
-9.305756381896863605e-01,-1.551811781462828499e+00,-6.915804230239007921e+00,-1.113191887761718846e+00
-4.251237463516311266e+00,6.607466950752145962e+00,-9.662203096831358806e+00,-2.270208527006927213e+00
4.258465523396600894e+00,-5.867527693367969199e+00,8.208455095338340612e+00,-1.081004133773276532e+00
-1.052764200361417490e+00,1.054354572275523516e+01,-7.384402385477502939e+00,5.823568323679133130e+00
-2.738808940985781870e+00,-3.086594198552614188e+00,-5.061047933550413269e+00,-1.579398313951470012e+00
1.859767394065956259e+00,-2.728193635846728693e+00,1.359218991400459231e+01,4.209686415341856502e+00
8.337672266464709381e+00,2.912226576061939243e-01,-4.848481669711000919e+00,3.338676062627844221e+00
1.429965622519652646e+00,2.380842134493488693e+00,-5.756878686891159447e+00,2.739415938634586656e+00
1.723245201274860028e+00,-3.420454206967736610e+00,-3.920519830627155589e+00,1.008271743500421147e+00
-7.351635730686829628e-01,-2.679149717757604687e+00,-5.293519906057489344e+00,3.115889238915299675e+00
-1.471262491068477951e+00,-1.891997784493320456e+00,-7.729358082189952128e+00,-2.185840486381350090e+00
4.457416718683520962e+00,-6.187090703596098251e+00,-2.512122061354536307e+00,-7.792197155542531783e-01
1.142128270370077248e+00,-9.303430838196871111e-01,-5.287577543240418620e+00,-3.193909920017501847e+00
-1.717039144232475945e+00,-4.254266717274542309e+00,-3.707426932846313861e+00,-1.914962477100258464e+00
-2.655557209818451891e+00,-3.893382036821622538e+00,-3.374225559567173516e+00,1.089539587293062217e+00
2.290596593651789359e+00,-1.621768308490989963e+00,-5.324009327245218692e+00,-3.115440016984200589e-01
-1.616306312248564359e+00,6.742289859076759484e+00,-5.714093902228253974e+00,-1.716618191009747996e+00
-1.725237365422620073e+00,-3.048283791755189043e+00,-2.779954455509172639e+00,2.709342512862114916e+00
1.292200140386913709e+01,-9.910261174626246117e+00,3.245379135182209218e+00,2.382110057641448009e+00
-4.158756425911607213e-01,-1.553743634395356121e+00,-6.492732254350253918e+00,-2.352009239241163119e+00
-5.966181915583901318e-01,6.867180492560843952e+00,1.508846393672955344e+01,-7.530717718826217544e-01
3.961725473287484256e+00,1.587294640413436220e+01,-4.622644262438751817e+00,4.479741211636870446e+00
-1.754075448235153711e+00,-3.484778616889970593e+00,-6.407713873878761568e+00,-1.412976719489984934e+00
-3.339156676075358821e-01,-6.213953144161305175e+00,9.269302984093746645e+00,1.682330781129232067e-01
-9.337369590354033022e+00,7.092618308435259422e+00,-7.868670912944297768e+00,2.467187518856062134e+00
-1.230886475430343907e+00,6.572101105821297473e+00,1.816636544022299660e+01,1.401351628160124596e+00
-1.895725584385529405e+00,-4.674202808186205260e+00,1.089552144560319746e+01,1.231324635234740228e+00
4.515962926386134502e-01,8.971170747404324075e+00,1.310032786464909904e+01,1.121388457829851859e+00
5.646771714138661302e+00,-9.399534928592775396e-01,-4.238293818903318133e+00,7.605030763998716026e+00
1.184235618595469219e+00,-4.885614840231376377e+00,-6.879628432896989665e+00,-1.830551014468854154e+00
-8.369846315263255176e-01,3.233577342513161423e-01,-6.063195266227019431e+00,-1.955577135972578429e+00
1.146774006492953912e+00,1.132218526040947637e+01,1.042814275382788125e+01,7.193603260297585233e-01
-2.431403632049574881e+00,-5.614060773706845531e+00,8.632230914416545886e+00,-4.571693107616995322e-01
1.289360153554631294e+00,8.139924045028172017e+00,-7.738004522940507002e+00,-4.854151829757883618e+00
4.124232391394802022e+00,7.542539104841733177e+00,6.028275729109623171e+00,9.967216012738078224e-01
-4.862754696967255263e+00,-2.196699878832859110e+00,-3.185784085670718468e+00,-1.225864666024788940e+00
-3.104329784758273370e+00,-3.148279061507443188e+00,-3.480547607386363484e+00,-1.294864562109741879e+00
-1.205863856409530310e+00,-4.936951293126188745e+00,-3.245291263598579778e+00,-3.428005670928749637e+00
-8.046692624924201009e-01,-2.156682424161600053e+00,-6.142561166060744426e+00,-1.319905010682783209e+00
-4.506349228097105808e+00,-3.701070583287432436e-01,-9.423506520399374864e+00,-1.448708183936897598e-01
-1.073985452991550016e+00,5.946511214097515818e+00,1.494886988585183829e+01,6.286919187164488054e-01
-2.361549849256902256e+00,-4.967940787002474323e+00,-3.948258394694790674e+00,1.391584407486567976e+00
-1.389419265905306178e+00,6.074793877307804735e+00,1.626861191369568616e+01,-5.906533420501577925e-02
7.569119209079500976e+00,2.010580743001173065e+00,-3.483598635111757602e+00,1.539625478127402580e+00
-2.339830304526628435e+00,3.455529608226241223e+00,1.654682152285294450e+01,-6.532292812873989607e-02
-1.700142256129547613e+00,-3.000204696981298991e+00,-6.790931412127699573e+00,-1.985078902712418492e+00
4.288236175984746268e+00,-1.250930625445228372e+00,-6.089158883105328712e+00,-3.273890975665363801e+00
-1.233276969050309813e+00,-3.765979136176391240e+00,-6.755705648543090192e+00,1.504523925398510986e+00
2.339945588653275621e+00,-1.202330263048146719e+00,-5.533111919637898168e+00,2.878859115924187861e+00
3.130673231759298347e-02,-1.742378816481054304e+00,-4.263326282362002395e+00,1.333417630973803725e+00
-2.248511329352453014e+00,-4.570385253614888121e+00,7.092302615371885111e+00,-2.036978711914176010e+00
-4.773072834403278897e+00,9.847786190019792940e+00,-6.304466543083772301e+00,5.739385411635383960e+00
-5.320283151124536758e+00,8.799122403579232810e+00,-8.238440151862461036e+00,1.157149060528604778e+00
1.328452359254316706e+00,-4.656081570503355138e+00,-1.035155847032308962e+01,-1.031845593384087767e+00
-6.916179701537217284e+00,-8.191419631550520108e+00,8.526170730668772180e+00,2.346752595413712505e+00
-3.610396535534117768e-01,8.174057588473541358e+00,1.206209748197436582e+01,6.625378230354482811e-01
-6.875536667992618867e-01,-4.725466900638912726e+00,-6.587380337033962974e+00,-4.083662142813324181e+00
-2.025270887942949294e+00,1.015057596069304147e+01,8.215664955157571114e+00,5.364380281343643642e-01
-1.132531536780244208e+00,-2.346978690262628842e+00,-4.529776195472677180e+00,-2.074776624769911315e+00
-2.570906904833311302e+00,-5.972063816116717661e+00,-4.906417517403545148e+00,4.079861092994557126e+00
1.163502739611160797e+00,3.594163395692113294e+00,1.400826555995047507e+01,4.827548196324152330e-01
-1.580488397075034301e+00,5.213696022491507875e+00,-7.686092409372039747e+00,-4.220320119722192231e+00
-2.786968998204755743e-02,-3.191851480547426956e+00,-2.312869630198800763e+00,6.814524469629525960e-01
-1.332352656792930023e+00,-9.274579535750401504e+00,8.501178540971693565e+00,-1.067626383454632455e+00
9.096748896824731201e-01,-2.228007710503154382e+00,-4.402277086273862494e+00,-1.603007759177143554e-01
-7.566117370107208195e+00,-5.340307497980985474e+00,-5.339428346077291998e+00,1.652157942711896643e+00
-2.744363275905824739e+00,-4.268704364743173940e+00,-3.427178929101981186e+00,-2.482695636904011849e+00
-8.768358785217869045e-01,-3.740560330186455840e+00,-3.023798712943007949e+00,-1.439365498663984111e+00
1.255792041218840027e-01,8.169785341230204168e+00,1.145668323812677869e+01,2.812271727382931186e-01
-4.346351502469674166e+00,4.748218507084784434e+00,-7.979917862099369152e+00,-1.925270759658293251e-01
-1.385610021400638825e+00,-1.508241353580373367e+00,-4.739240260714022490e+00,-7.732130928513771817e-01
5.086863177190398488e+00,-1.300829015237414676e+00,-7.585547744883249344e+00,1.619128293963541187e+00
7.010914761365453884e+00,-5.139384443966305227e+00,1.818059683156913664e+01,2.130009453483557635e+00
-6.059923237537980789e-01,-4.349425917214506110e-01,-8.392852358380190836e+00,-2.720328312834578099e+00
-5.124558045266217832e+00,1.360139301387917676e+01,-8.566285430841547921e+00,7.872287590074466657e+00
-1.915645775997984579e+00,-2.678491510353424587e+00,-5.766089028831928864e+00,-2.921735155919988447e+00
-1.068227489725024792e+00,-3.243201149738981659e+00,-6.129788370148364862e+00,6.033160967580845302e+00
-3.184818113120072347e+00,-3.247935261744745006e+00,-3.070817738466987468e+00,-3.825935101357951784e-01
-2.362843121597040241e+00,-5.649802707594888673e+00,-4.966165244470573725e+00,-6.569157214338179340e-01
-4.501854465421708529e-01,1.040173984772021498e+01,1.229250524640598030e+01,-1.487492222014856091e+00
3.453513516739568523e+00,9.950368105610631897e-01,-8.198078745842501291e+00,5.498786812388912759e-01
3.217114848703546581e+00,-5.556056774894299721e+00,9.864471194474925042e+00,-2.031658865482071530e+00
-9.324839168781220433e-01,-1.743055231682626438e+00,-3.821551370744536769e+00,-5.939777819206336629e-01
-3.641732828182666193e+00,-2.413680557312344543e+00,-6.291747882839478834e+00,1.350663895304718309e+00
-1.447320726391261081e+00,-1.215750356318468661e+01,6.995228289049096659e+00,-6.516498570401345170e+00
6.398772048081861286e+00,-6.540954317855335098e+00,-3.170767622455095580e+00,-5.813144678699625700e+00
3.175673141167226099e+00,-9.073227000448237378e-01,-2.209452289696238303e+00,2.396443354703432504e+00
5.914228850511085156e-01,-3.055193602850012624e+00,-6.442942240452488534e+00,-2.368947475279387094e-01
7.277118287080016401e+00,-6.347078009672202370e+00,-4.158944632594774760e+00,-6.797365347089746379e+00
6.171437625581253528e+00,6.228259977774521339e+00,6.922008455121640758e+00,-8.220944642041641201e-03
-2.009830241119828553e+00,3.408056787415764344e+00,-6.141309934374256763e+00,-3.621189816825356456e+00
-1.565368302578245219e+00,1.052043300435416384e+01,1.467942461355147188e+01,-5.469236410716996621e-01
-8.295592870960428744e-01,5.908304052055468603e+00,1.492837922629797909e+01,1.206536253926482338e+00
-5.241234104826562046e-01,-3.576912615839631826e+00,-8.829125802225110675e+00,1.073769534326732611e+00
-6.018379869569585594e-01,1.162081133591852833e+01,1.689807681522669824e+01,-1.642093947025398126e+00
-7.138895283015458837e+00,-8.729567331645592176e+00,7.171604174127100606e+00,-1.541320193441529485e+00
1.380437827198211398e+00,-7.643787564127467959e+00,1.109541350464261633e+01,9.174984039153613047e-01
4.750536012501362038e+00,-9.321022321104564412e+00,7.044216188769907738e+00,2.600704700959935445e-01
-1.030404249383412241e+00,-3.368301814960099172e+00,-3.397869123685190118e+00,3.381513892056725812e+00
9.553312276316162643e-01,-2.880198857683331948e+00,-3.327188120661365378e+00,-1.189275247535605651e+00
-4.270621913748781751e+00,-1.069952766304910874e+01,5.477412951187295320e+00,-3.288349188750177898e+00
-3.372160096685766106e+00,-2.773945055985832298e+00,-8.717196287415649891e+00,2.625122806111766849e+00
1.866779654667544364e+00,-5.084272301304324948e+00,-1.967341806391494252e+00,-2.259999172190640504e+00
-3.306092628181637405e+00,-2.711286632150514464e+00,-6.069383912429146655e+00,-3.356319138972501559e+00
-1.896256243159274879e+00,-3.056488369874301725e+00,-5.997286718986031495e+00,-1.440511575160777547e+00
4.841505376647320169e+00,-1.933660602160825470e-01,-1.614469277284290127e+00,6.547766037910848880e+00
-8.321314408467558321e-01,-2.520036228111125709e+00,-7.002565979655074990e+00,-9.885654403152559222e-02
1.243189215451924845e+00,7.814255304978728667e+00,-3.586508513551985189e+00,3.423985184014497918e+00
3.564069112483525537e+00,-6.211724102676696724e+00,6.179679577879551466e+00,6.637852820369664286e+00
3.019536365090713659e+00,-1.244427850983550599e+01,2.265043881285730087e+00,-3.791264958957747844e+00
-1.572527183445502352e+00,-3.790870828427059358e+00,-6.973887629422540257e+00,-1.149579507566542924e+00
3.750387919629967204e+00,-1.478269346687327346e+00,-4.150271036934881863e+00,7.576926544552661902e+00
-2.271893239090489125e+00,6.063097721408718499e+00,1.313376543166987531e+01,9.314223802325587442e-01
1.496528630867366150e-01,8.054420618312313707e+00,-7.292827382799089264e+00,-1.201964137128857857e+00
-5.381278546654748141e+00,-8.579256442773592894e+00,8.579249332672837625e+00,1.304227863410495569e+00
-2.396371672415866794e+00,5.019338044863181914e+00,1.234644436808917334e+01,6.593108006193757475e-01
-2.933571060343953540e+00,-8.737380049014973338e-01,-8.815251377736315064e+00,-6.173695044788268804e-01
5.866390998282750013e-01,-3.372655115899602762e+00,-3.467420500977006270e+00,2.333996937363570279e+00
1.054286366861307611e+00,3.400684597077137106e+00,1.563618152049304832e+01,1.020931578615790425e+00
-1.607562188731227026e+00,-2.531673346127464530e+00,-1.167913293391259089e+01,-2.167621023347805487e+00
-4.568336122731056825e+00,3.222208133720775969e+00,-8.549492004372028831e+00,3.299457376905380879e-01
1.145605887877239581e+01,-4.289239293483936954e+00,-4.798216832645407770e+00,-2.811685064376850285e+00
7.375820333814009366e-01,-6.101980669403906710e+00,1.105078569600090255e+01,4.061423798165214372e+00
1.865849597435799367e+00,-5.339744234739301376e+00,8.296064235314666746e+00,2.550860174318084095e+00
-6.845594391354280495e-01,-4.665556947465064219e+00,-8.034120724054265139e+00,1.683711716609225695e+00
-2.755914003789093680e+00,1.870055784203518368e+00,1.099675545676503141e+01,-2.389356081312559166e+00
6.259190782151716759e-01,-4.633122267909329572e+00,-4.579259423279926189e+00,-2.480087299460241645e+00
-1.083565260515713558e+00,-8.951053622058040560e+00,8.381157430701438926e+00,-1.399077952681097914e+00
2.968828424714598846e+00,-2.204555828209779911e+00,-7.153482834476633023e+00,-2.446166294427483123e+00
-1.044013749034667704e+00,-9.256939101222105393e+00,1.154983125381384568e+01,-5.133267398092572487e-01
-1.854897958181992879e+00,-1.264376639117641687e+01,8.200213519795292783e+00,-4.909955475165427075e+00
-2.430636402354355852e+00,-8.697468806209778691e+00,8.358011376434507866e+00,-6.340238917432540866e+00
5.840159376237108457e-01,-7.104409136110194645e+00,1.076736137203916677e+01,-3.993027718211178190e+00
-1.676040965355002355e+00,-4.532368638254379967e+00,-4.619208919103422240e+00,1.121839188211930738e+00
-5.723525934832624174e+00,-4.010729862283269220e+00,-4.267373181140403204e+00,2.187268207678363385e+00
-1.821771308706924053e+00,-3.107798168046385090e+00,-7.969313337264583019e+00,-1.418104926787709719e+00
-7.061776745594473548e-01,6.537592455666419333e+00,1.472546150569561618e+01,-2.642690647573167961e+00
-2.543443866788651420e+00,-1.783159470295219373e+00,-7.491540554643797201e+00,8.759372367364237633e-01
-2.668673916601086216e+00,1.275393514617022461e+01,1.073140842875905676e+01,3.164301665404565811e-01
-5.179649556274468658e+00,-6.030565740193211788e+00,-4.121059364143540016e+00,-1.330721836761806998e+00
-2.285414333972437095e+00,-1.272234560699316397e+00,-1.119333110535256637e+01,-1.923275691744505966e+00
2.824870386495343055e+00,-3.032167050423652199e+00,-2.647722638970269493e+00,-2.223789803931542242e+00
3.603216927021694271e+00,-8.361862310980736623e-01,-2.007626635223368261e+00,3.568091561016033975e+00
1.030039195189000623e+01,-3.851194469906888518e+00,-2.049949053279950473e+00,4.087616720158481876e+00
-5.467122256078827292e+00,-3.456982482474371121e+00,-4.110814762497236430e+00,5.638161735548140596e-01
-2.354408164890540611e+00,-2.138657049127004939e+00,-4.916824658479177046e+00,-8.020190592020495224e-01
4.969450378943988944e-02,8.404248454581900063e+00,2.084864335110960809e+01,-3.640589812107926093e+00
-1.416097161018024186e+00,4.587134395195063274e-01,-1.013845865933932622e+01,2.186910682063764266e+00
-9.311037312245474595e+00,6.091893533831898466e+00,-8.309050722493635632e+00,3.062345113866932422e+00
6.997038414092227043e+00,-5.675666159359603391e+00,4.417534435903526457e+00,2.651636216544235314e+00
-9.496718872434434244e-01,9.023640046056685904e+00,1.624060074025332057e+01,-1.076390265091082821e+00
-2.594004684629755531e+00,-1.327697539827625173e+00,-1.200991570863276792e+01,-1.593776112443999970e+00
-2.545793742487799882e+00,-4.828692175079190463e+00,-4.581233162026706829e+00,-2.468098783803852392e+00
-1.620011448735837023e+00,8.601337467928313885e+00,-1.109650795665871570e+01,-1.020881105727982074e+01
-2.800060115635316649e+00,-1.626695980712884460e+00,-1.097762307642857316e+01,-1.348685625822173551e+00
-7.759235785318635559e-01,7.589748408200301277e+00,1.730014624749463437e+01,7.091462608404283108e-01
-5.077472681628985463e+00,8.923406885019014467e+00,-8.746541647959853449e+00,-2.064366285727898376e+00
2.996046170183775725e+00,-1.533435965950232349e+00,-1.783572363057991828e+00,6.046749434128924072e-01
1.211141878001827044e+00,-6.663908516385204095e+00,1.171409290803079806e+01,1.819234150667815131e+00
9.393660037397304485e-01,6.758695120844889104e+00,-7.093304381459186736e+00,-3.128399475174467703e+00
-4.073057826255055858e+00,-4.560344034143327008e+00,-3.227601920696009152e+00,-4.244603169791646979e-01
-8.867711443108534930e-02,6.839550481296113205e+00,1.799206580775200237e+01,-1.072123795207097496e-01
-1.955113117020075730e+00,-7.398773034990715480e-01,-7.122573147403933547e+00,5.583691721262333818e-01
1.444635960021599663e+00,5.393009846232371451e+00,9.385411129249593642e+00,-6.590832767377469814e+00
-9.386872224988719537e+00,-9.230460349414284948e+00,1.043562338232985454e+01,1.722865058973324315e+00
-4.820012498300077830e+00,-3.749262489352407801e+00,-4.525730284573561413e+00,-2.460161102555037616e+00
1.820215579891958146e+00,-1.617192660290762696e+00,-5.338896701612195983e+00,-4.840911917192980973e-01
-2.970470824270869947e+00,-3.150162678406533967e+00,-5.450528908641729231e+00,-1.556683473094174541e+00
-2.062386877106560767e+00,5.320800764201849553e+00,-8.352430996704947930e+00,-5.336806007728342571e+00
6.598857806713017027e+00,-4.344758479457804801e-01,-2.272458397553164033e+00,1.092314617419902323e+00
1.769251876883194186e+01,1.113880815569118665e+00,-3.383849189393175916e+00,6.930362950096229380e-01
-2.844504053694024703e-01,9.901008532785608551e+00,1.053919332579826218e+01,3.626373383792242389e-01
4.917413295791293493e+00,-1.008643734799888003e+00,-3.639636649667258972e+00,-3.724604069458605782e-01
-3.455454288114111261e+00,-2.607020004829536219e+00,-5.439605255980801246e+00,1.055494610220421681e+00
-3.039514151337413761e+00,-7.030056240240124543e-01,-1.067349027304429399e+01,-1.361573138984822906e+00
-1.289102900247486305e+00,6.135075135003225988e+00,-5.163345517659085893e+00,-2.412924440389123237e+00
-3.323893392269890779e+00,-6.724896171866828531e+00,-5.857622827752364536e+00,5.981812185090483736e-01
4.753611065113890533e+00,1.648856544656366907e+01,-5.110708836134324251e+00,6.910563848099489981e+00
-1.460520345468047321e+00,4.496720799991724249e+00,1.454773344728865858e+01,1.207659793459117115e+00
2.683747396791863693e+00,-7.026917605342727136e+00,4.680552416542936633e+00,1.047906758732971122e+00
5.290392241725698774e+00,-4.301871884789636447e+00,-3.566269630061043916e+00,-8.653330386088213810e-01
-1.549909400253475789e-01,7.312882717393456744e+00,1.822468439605376389e+01,-2.669894834043599063e-01
-3.060681825010147517e-01,4.690419884634915881e+00,-6.126696402079818249e+00,-2.180597506709074818e+00
8.521985592670402454e-01,-5.786472195309118938e+00,1.117452187183219792e+01,-1.940773629835652381e+00
3.415165616342982768e-01,-2.367726197772263674e+00,-4.106327377904254838e+00,3.593132460627159297e+00
-2.990485817386423495e-01,5.434040722718592065e+00,-4.168636433318225976e+00,2.121209966593968765e+00
-1.242494934136433526e+00,2.842074555847041051e+00,-8.111097376949635063e+00,-5.211774714112987539e+00
5.158744509018309277e-01,-6.596809936069872649e+00,1.112115361236508981e+01,1.476419350911534423e+00
2.511062964098609740e+00,1.105875425285301539e+01,-5.915834749377480328e+00,2.288224187417098321e+00
8.637996066029492992e-01,-7.048881681210253269e+00,1.007118681363020407e+01,-1.868591604171760068e+00
8.327840149359334587e-01,4.363110885179906084e+00,2.019783257545065425e+01,1.526823317890228793e-01
-5.510541481416540321e+00,1.005911824792818265e+00,-9.232294128788623766e+00,1.980356359843172598e+00
-1.009505374473045336e+00,1.025088894765617020e+01,1.076100780301872994e+01,4.669606378086497700e-01
9.138384555746263516e+00,8.177230831321798732e+00,8.810243382255112721e+00,4.590799347048446499e-01
1.521222923523794357e+01,-3.150295548882657837e+00,-3.524534119066278670e+00,-1.038275224031561805e+00
-1.193432739749371807e+00,1.456869089956675012e+01,1.213111937798018580e+01,2.765076052395077699e+00
3.210036136169586385e+00,-2.519183626273292287e+00,1.055773425204565896e+01,8.775078089862491382e-01
8.950735282028515982e+00,-3.948708333138728488e+00,-8.131646266657309718e-01,3.262976556935314854e+00
2.047650476288479737e+01,-3.601602809781876857e+00,-4.005732053682262261e+00,3.284945687269358316e+00
-6.105748746604081068e-02,-3.028807008755007857e+00,-3.153255462881696225e+00,5.307918558051959224e+00
1.448136336741126406e+00,6.732489178237525351e+00,9.095716556928023167e+00,6.255843729269491282e-01
-2.608503574139342529e+00,9.215427614090870634e+00,1.152768041036201829e+01,-3.132384257951595363e-01
1.019875938706247709e+00,-3.899456363351324839e+00,9.806865483891741064e+00,4.484273609755089041e+00
2.868682134536549633e+00,-5.061114389386426105e+00,1.691693702106712394e+01,4.126633587548076854e+00
-3.456250981316975501e+00,-5.047423775243535360e+00,5.315161550945418867e+00,-4.490996426609074277e+00
-2.977117727394785085e+00,-1.068845542308818253e+01,7.886463751019507029e+00,-2.343482544494510211e+00
5.937739924773950406e-01,-8.714777744818533733e+00,1.152543434259510668e+01,-1.257320257504398464e+00
-2.413929922884852086e+00,-2.435282758962035832e+00,-5.163090737017810739e+00,-3.746015320189591158e+00
2.511454415654796879e+00,1.096744724944930027e+01,-4.512041191028685283e+00,2.266064219444728245e+00
-5.061767940868895366e-01,7.262838268143550380e+00,-9.711251425240343238e+00,-7.520016003282170125e+00
1.905644305480073797e+01,-4.719517260234061595e+00,-3.329851524300079024e+00,3.553346044969829531e+00
3.084673144292631730e-01,-5.328073390276502508e+00,1.373938794826056764e+01,4.577941420056024668e+00
1.336331785834919073e+00,-7.462296926353678694e-01,-6.132813757546671241e+00,-6.674542847249509414e-02
2.678905645050036366e+00,-5.713711207164512196e+00,7.349383685281117629e+00,4.562829932875393624e+00
4.521414668267248693e+00,1.748901024251030023e+01,-6.081166017170183125e+00,9.114523943520483229e+00
-3.127781410758734282e+00,-2.312606293737127228e+00,-5.871673065439932060e+00,-1.446257969118496689e+00
-9.236130646361759844e-01,1.071800436713821192e+01,1.456099324415160012e+01,-2.957836385532797152e+00
-2.329864756836642625e-01,-9.578365317712790983e+00,8.944249732537493003e+00,-2.980533665936135002e+00
-3.252176941310545466e+00,-2.054632942640282067e+00,-4.824475634357419551e+00,1.327432628640995649e+00
-2.930453069877259509e+00,-2.214185768007434163e+00,-1.103028784821155206e+01,6.810562832941448042e-01
1.514508499972962552e+00,6.337047370388465772e+00,1.208669833904225044e+01,5.818858956751292721e-01
8.559801542283844711e+00,1.059920638391528502e+00,-6.424074108673162087e+00,4.455840544460132335e+00
9.855756237348103355e+00,-3.976625968446989123e+00,-2.195174585181834725e+00,4.957025051832379958e+00
-3.015236134533832990e-03,1.210299421159674971e+01,-6.017366442860567766e+00,6.805303404351068508e+00
-7.410311504899396162e-01,7.528697815063754462e+00,1.224505156405784945e+01,-3.020459034235868589e+00
2.662996237601853999e-01,6.641216756228200957e+00,1.555052186343029774e+01,5.542209509771092169e-01
-2.339562335787024772e+00,-1.211801818991653068e+00,-9.488040035661267524e+00,-6.768830249716136782e-01
-1.257436747368048557e+00,-8.862425317405090652e+00,7.238063158333986280e+00,-5.692631916678182691e+00
-1.145012674696207045e+00,1.469296787861528486e+01,1.170454086804175020e+01,2.462039829965613880e+00
1.127719645479148713e+00,-2.293860842541303846e+00,-3.114283350605577372e+00,6.371492848893650418e+00
-2.415005249660558739e+00,-3.313340371231030090e+00,-4.800531801256670228e+00,-1.509651474524245307e+00
4.629681908938960255e+00,-3.576309893169383525e+00,6.753533916047552488e+00,4.371728043664484531e+00
-3.614136246296518085e+00,-2.768469966021275930e+00,-3.768616127304881935e+00,-1.738444910815152511e+00
1.633950767787780478e+01,4.208386881214044806e+00,-3.527859304555789333e+00,3.039577402099976622e-01
-2.749535225964629515e+00,-1.068694290518156009e+01,3.432858291580977994e+00,-3.110215536967188221e+00
1.436132439592404353e+01,5.679536102802968500e+00,-5.403387353277082639e+00,-6.337998539495468542e+00
-3.159359850041352780e-01,1.019932761175925329e+01,1.083607608755344209e+01,1.079131234903348169e+00
-1.231887420378538600e+00,8.970672473427983462e+00,1.268226206896670760e+01,-5.418877524890097774e-01
2.465365396468860659e+00,-2.838568211471671709e+00,-5.429474397105581218e+00,-5.685939250238368992e+00
-2.544247386970231783e+00,-1.833932803225678310e+00,-1.335107806240679373e+01,-1.860934391880657568e+00
5.457406802681011193e+00,-2.299418484674360386e+00,-2.458983595920491094e+00,8.298919504182251661e-01
6.721522809106756924e+00,1.280526618651698456e+01,-5.480292112290761075e+00,8.617250927525160975e+00
3.973855474297335877e-03,4.837823299686319523e+00,1.321158708155539330e+01,-3.843824854025265081e-01
2.371136229010412322e+00,9.683962279198505385e+00,1.080584208377393196e+01,1.322947323954100529e+00
-1.697061566995588522e-01,3.386929978816077380e+00,1.436729670446735696e+01,1.303395410368834995e+00
-5.552724581112459035e+00,-7.525370598774975939e+00,6.527251440730524656e+00,-5.186459238076016831e+00
-3.813368513123531756e+00,-1.045131565655523254e+01,7.754248628515948205e+00,-1.519336788084118206e+00
3.220045637289353779e-01,5.867573931122212372e+00,1.734796282329806161e+01,1.201512972568830051e+00
8.629053617972297641e-01,-3.102429790090296180e+00,-3.974336858008276074e+00,4.100025909768943322e+00
-2.538908167932560467e+00,1.029281827400818194e+01,-7.633929969826599660e+00,2.361631072157282407e+00
1.228779620821234531e+01,-1.928046024305770878e+00,-1.029983990796751625e+00,5.964454472389304485e+00
-3.983590055847503475e-01,-1.043213646353272317e+01,3.058596944974015130e+00,-1.054721440830269641e+00
-2.219301151509428749e+00,5.343022171922077845e+00,1.169713273939135867e+01,1.198410688532242085e+00
-1.696607531975150795e+00,-1.090401264971847112e-01,-9.619233659657730584e+00,-1.252877000608988212e+00
-4.064635874838480767e+00,4.503372857934862417e+00,-9.418229402537733108e+00,-5.190384988614688666e+00
-2.007234373334018329e+00,-3.283949411351297254e+00,-8.292915011398189762e+00,-1.393134128610015621e+00
-9.327077928638662030e+00,5.322657382285917116e+00,-8.000250557741880542e+00,6.228847643398096601e-01
-1.102355499531015859e-02,-2.957643613286954132e+00,-6.608104567401829499e+00,2.737945027593995384e-01
-1.986608366228798328e+00,-6.496969980556319690e+00,-6.835200927029692508e+00,-1.828331058934751674e+00
-4.506408697015747755e+00,-3.289032197427983029e+00,-5.090998500652918146e+00,-1.208131533099497723e+00
-3.624395009723099470e+00,-3.779008239480909026e+00,-6.412189690548522947e+00,2.831936402779248185e-01
-8.723887974109718613e-01,7.813467975342939909e+00,1.469682759034458286e+01,-1.546838467050635657e+00
-4.005075528043956723e+00,9.026903435355361438e+00,-7.672138874599301772e+00,-1.894347526582505603e+00
1.493175832816432846e+00,-1.253796747887705010e+00,-6.011659925354986278e+00,9.894437125803752231e-01
-3.305654933808075846e+00,1.036547630208424486e+01,-5.851953607163954629e+00,5.177421205612828814e+00
7.829672097701729783e-01,-1.695024778784701480e+00,-5.817919382706687514e+00,-1.110653521133424082e+00
-1.069275213048971551e+00,9.397343792641583704e+00,1.042317392652114272e+01,1.744379210173457651e+00
2.540309635325546989e+00,-6.745845878006379692e+00,1.076914138961792133e+01,-2.081993938530782184e+00
-2.114536267049165641e+00,5.670587426421915822e+00,-7.548085085446781584e+00,-4.717248035397070716e+00
-4.587339014759733935e+00,-6.481235457468796923e+00,8.382664315673880040e+00,-2.240534677070565639e+00
-3.075261673383289818e+00,-7.788612810170099099e-01,-9.829622089642997551e+00,-1.906447600440066781e+00
-1.473496720870227650e+00,-2.995479585772521602e+00,-8.196755969036129130e+00,-1.733567198927077779e+00
2.620970447643738765e+00,-2.396381982597440619e+00,-4.672958777967796351e+00,-1.147076272017204301e+00
-1.601728038313388947e+00,9.337995958825185738e+00,1.273657072639028698e+01,-4.185479288635602368e-01
-8.319381048101465170e-01,-6.037343504729033583e+00,1.076903650541677671e+01,-3.130648783644628397e-01
-2.033938208159438599e+00,-4.251345890800209304e+00,-4.365144316443979378e+00,-7.838973289046026194e-01
-2.489123646075285023e+00,8.367412283705295550e-01,-7.502186765436090532e+00,4.024971985242423500e+00
2.433230798683036600e+00,9.268728264189206811e+00,-6.232667159676087643e+00,2.067151020577856213e-01
6.224180942110699721e-01,8.913138436733408554e+00,1.564519171321998314e+01,-1.096685196879005009e+00
-2.497417925332727329e+00,-3.295141154743672640e-01,-8.960853736755494126e+00,-1.261251000020600532e+00
9.805534683248310346e-01,-9.662798286387086932e+00,-4.764238390265880252e-01,-2.857093164277179298e+00
-1.850873044452770344e+00,3.573622062989456061e-01,-8.808652057527172730e+00,-2.048099801341767279e+00
-2.274508718824164166e+00,-3.097946445434508256e+00,-6.388652708439019001e+00,-2.955179342713866841e+00
3.061321165001982703e+00,-7.299351851100851718e+00,1.443725241474230181e+01,1.690445521794396111e+00
2.032176946889745928e+00,-4.117638370934154857e+00,9.076840567596320852e+00,1.269566565730050112e+00
-5.862245676092960878e-01,6.680073487847518088e+00,1.444880355133205008e+01,1.751568193928849659e+00
8.782177849919677870e-01,1.180801754423736805e+00,1.554235949914862402e+01,-1.267730840984805651e-01
-9.721614336321707794e-01,8.257905833994064082e+00,-1.084328855024300786e+01,-6.030897181117132355e+00
-4.010317007603632078e+00,-5.982923268687122764e+00,-8.278515889250082083e+00,6.517911918105412372e-01
-1.536482690312281685e+00,8.226240365593413983e+00,-8.933739251945683080e+00,-6.791044693037728841e+00
-1.228730114379035676e+00,-1.760261654159342770e+00,-2.944706088531789945e+00,3.469599783515002756e+00
-1.057292629714398968e+00,-1.450643265567071793e+00,-6.408799396602023357e+00,-3.266972825473289932e-01
-1.009712606288250214e+00,1.046347208032575082e+01,7.682284429187842711e+00,1.669560299927016267e+00
1.180788414243076723e+01,-2.765214758895230052e+00,-1.919680364683691298e+00,2.919042504790891002e+00
-1.121137957466395774e+00,-3.108799541438808323e+00,-6.400589079522492675e+00,-8.020478523954200911e-01
-1.901234513898975909e+00,-3.207277195724824281e+00,-3.623474974317420383e+00,-1.275018569999236018e+00
-1.648825214924574567e+00,-2.664397972287423588e+00,-5.643093386217977070e+00,9.230416172128138586e-01
2.897502413223731033e+00,4.512238476319826219e+00,7.950296479417385598e+00,5.699100916345025691e-01
-4.532876350873223936e-01,2.091903635882984974e-02,-8.237437083007600691e+00,-2.170824791118548536e+00
-6.236292822261962909e-02,-5.343106811518484989e+00,6.306427188395050010e+00,4.953683532081606167e+00
4.083258269870983170e+00,-2.774911167176917548e+00,-3.484565887962948860e+00,-4.595080098274387237e-01
8.888024466517487454e+00,-1.113928365192346837e+00,-3.924698184406935741e+00,6.465838510402285522e+00
-8.735816935807955153e-01,-2.394245699964980822e+00,-7.596183678051496635e+00,-1.668388227877333208e+00
4.412132393553720888e+00,-2.534733242976256129e+00,8.928732258606354222e+00,1.286688205527215079e+00
2.177919148639751445e-01,1.028732889028368458e+00,-8.382017489307507674e+00,-3.561530081660142510e+00
-2.235075772581092135e+00,-4.396506779277800092e+00,-4.446431843095969505e+00,2.531457434662432449e-01
2.131624129569934212e+01,2.302186911094938893e+00,-4.285909473990668239e+00,2.686745715532636858e+00
1.442563250392709939e+00,2.797480755448432443e+00,1.558875634309262814e+01,-3.926873904100146362e+00
-5.671810206675756971e-01,-2.653796927592346755e+00,-5.516077073659563013e+00,-2.562419584034979714e+00
-3.719449760154647788e-01,9.617462158011381490e+00,1.843011571908248669e+01,-3.954227434601904623e-01
1.715785397575599092e+01,2.993994623373814168e+00,-3.247713983089774548e+00,6.930632823837841183e-01
6.284789869158194375e-02,4.762624785353073875e+00,1.035242290669630982e+01,1.098811939907018642e+00
-2.508252386110462417e+00,5.760457593983989710e+00,-1.156931189644273772e+01,-5.012140246632188045e+00
-1.464591924873785977e+00,-4.316678111376814897e+00,-3.686951224607275535e+00,-2.176262101664016679e+00
6.006149674683166628e-01,-4.330067146012265944e+00,-9.162622424302295343e+00,1.810413278900259715e-01
-1.567038123412111406e-01,2.805635058500127066e+00,-8.333861565787570314e+00,-6.399132727656809294e+00
-1.379104699703164627e+00,-6.648923638181299722e+00,-5.722186350459113058e+00,-1.204251161043463192e+00
-7.458413392588566282e+00,5.173544687918329998e+00,-8.331782456688676675e+00,1.814549585176776114e+00
-6.801248965821010684e-01,-6.225544673465814860e+00,6.636731840177028552e+00,-4.848400273631739310e+00
1.933765921089696249e+01,2.467413748932093753e+00,-4.195197031201053584e+00,9.873219697958139918e-01
-7.210734620975779441e-01,9.320373351930419048e+00,1.024319324999238034e+01,-2.045645504098430045e+00
-1.542616725145636858e+00,-3.047785770287608109e+00,-6.071705237331940452e+00,1.104439849543276675e-01
-5.009770349725549465e+00,-5.078150814496561694e+00,-5.690083455384959521e+00,1.352435442724408521e+00
3.269726687143138744e+00,-2.810170364192001280e+00,8.959442415427924189e+00,5.554731559344230796e+00
1.507471909891917328e+01,-3.745110872387027889e+00,-3.269517541119827175e+00,4.848841013361766095e+00
-5.346468117961129807e-02,1.029455364200409484e+01,1.330060742648463901e+01,-4.874056692705962535e-01
-2.475429172043564385e+00,-4.883079379956835275e+00,-7.790745909080290410e+00,-3.638476834137580745e-02
1.171474269506362464e+00,-9.954763188688971809e+00,9.683286537314838682e+00,-1.264270823035909430e+00
1.460274640246323141e+00,1.284507852769116942e+00,1.480782340113405837e+01,-1.521082251417451792e+00
-2.461950813539533378e+00,-4.709082003666033245e+00,-5.301134376208398002e+00,1.107893988510286976e+00
-5.355621432122991799e+00,-6.321556171062459484e+00,-3.666697152989090380e+00,4.682180136176250507e-01
2.699649882762793940e+00,-8.409107004935380658e+00,1.631168998465805586e+01,8.863835998612908940e-01
-1.386995889447355967e+00,-4.284313469061378221e+00,-3.317647079061845083e+00,-3.359554945967074158e+00
-2.812388045049784235e+00,-3.844191825867103507e+00,-3.755716430972508846e+00,-1.074568846972249192e+00
-1.598797659834665374e+00,3.676306516148735604e+00,1.607453976534582907e+01,4.935242912819003125e-02
1.392581310347666745e+00,5.118750392660117221e+00,1.753889803353472132e+01,-2.919109974882141412e-01
-2.875347450649951231e+00,7.932838702006249854e+00,-5.875395707488890729e+00,2.005294999039770598e+00
1.073835443811621992e+00,-2.420205604888260531e+00,-7.148648815516541966e+00,-2.594298011147623484e+00
1.115894390149413695e+01,7.000117024401463439e+00,-4.074818635084913154e+00,2.071624609364440595e+00
7.652796641663089261e+00,1.065518337363047685e+00,-4.769643436786696888e+00,2.061836338671242164e+00
1.994137843356395656e+00,-2.670062754254974191e+00,1.104747441885993808e+01,2.206383942126208364e+00
-5.166848583023135433e+00,-3.559124809670008549e+00,-4.451238368847253213e+00,-3.832085536960317951e-01
-1.412244937758538876e+00,5.633869026132861002e+00,1.165623812348163213e+01,2.581554646278066967e-02
-2.877557868242152317e+00,-2.261443486502867639e+00,-4.772735170597638188e+00,4.833897718153767897e-02
1.640150898130926294e+01,5.790516390277509196e+00,-4.517991476688688834e+00,-1.092597817840289309e+00
-5.031074940800328577e-01,-1.893035610110723077e+00,-9.086406818579987998e+00,-1.214472844304562482e+00
-2.789414487972687873e+00,1.163087541871792929e+01,1.679644876385968288e+01,-4.610270326084313641e-01
-2.541790505871735828e+00,-3.542964422328326091e+00,8.298524751672509581e+00,-8.162216623516046488e-01
3.343015751219191145e+00,1.132290463689812832e+01,-4.823702481393588926e+00,2.213824124799907977e+00
-1.247945337585828041e+00,-8.064666266212157097e-01,-5.108948728805456696e+00,5.328878383715194289e-01
-3.755181797603281524e+00,-1.158490331346439817e+01,6.046465010862372758e+00,-2.920040144978580443e+00
-3.487638067562728872e-01,-3.146832044302325215e+00,-5.527426151678926480e+00,-2.996242445598729098e+00
-3.746565867027292995e+00,-1.870768400643398666e+00,-9.986207577172631744e+00,-3.806963337906520417e-01
-3.489373523473892291e+00,-1.863601973531997746e+00,-1.025008819389553949e+01,-2.883548730215131917e-01
-1.996301736229084911e+00,-2.755383546989270016e+00,-7.320459184794784413e+00,1.982390389413349607e-01
1.228458046405229531e+01,-6.607043092389689676e+00,-4.905545746976220478e+00,3.679847254472988549e+00
-2.062974618093182055e+00,-4.267142585497313512e+00,-4.142273416849265644e+00,-1.913571904183807848e-01
1.717534811545596840e+00,-1.467869698571126147e+00,-3.831220958890738437e+00,1.066737020668684721e+01
3.102122936434190237e+00,9.931201079024440048e+00,-4.005553161868622425e+00,4.338253664798779496e+00
1.688033956657657209e+00,6.782694850216094196e+00,1.659569114356414232e+01,-4.149313339755511532e-01
-2.544579555637237256e+00,-8.311185882614008369e-02,-6.889112065853896461e+00,-1.416903900855253085e-01
-1.764644971868864598e+00,-3.779126651994694441e+00,-6.791394608715391357e+00,-4.076392436422802135e+00
4.096279367543049221e-01,5.881292485883201415e+00,1.220377271607392622e+01,-4.981957656816596303e-01
3.441718500966041150e-01,3.045347265078657717e+00,-6.551937175550860637e+00,1.304274452669819118e+00
-2.522645206178704136e+00,-2.251805556247660878e+00,-8.357137936172390980e+00,-3.062396726797027013e-01
-5.402646389161192886e+00,6.039427660549762322e+00,-1.077603943859164914e+01,-4.303824144530720375e+00
-2.087928910238555869e+00,-3.264146450212409345e+00,-8.458113801233894335e+00,3.062378303541253288e+00
-1.789556094974413591e+00,-3.096565803651752713e+00,-5.389060753542323390e+00,-2.961244668321879825e+00
-2.449776075255922336e+00,4.370837606704402467e-01,-8.657433216572149703e+00,-2.913455721698633427e-01
-1.726713507403779158e+00,-2.904991889116332882e+00,-5.164365336600236667e+00,-3.254717357947952472e+00
-8.119473571272250112e+00,-9.946644541031917086e+00,1.011144269193625433e+01,-1.092610043730158464e+00
-2.710462873070003109e+00,-3.557016320989806690e+00,-6.899282155216631018e+00,-1.630086286450354471e+00
-2.070743630920673262e+00,-6.428100493370365598e-01,-7.858122441195357410e+00,-1.207658379422589912e+00
-5.544627814001163557e+00,-1.434062147332210602e+00,-1.060028799084676798e+01,1.318032242898180773e+00
7.520412375960116691e+00,4.452292468021354921e+00,7.998164467403724665e+00,-5.061937612611117743e+00
5.488370613027351297e+00,-6.854809760504133820e+00,1.666432344840936253e+01,-8.772668271891935488e-02
5.388522251497656512e+00,-2.444491266784430294e+00,-3.208735933871221579e+00,-7.177819159908638280e-01
-1.979822311016684599e-01,6.627516222893526709e+00,1.629691399185849932e+01,-3.306511360146303646e-01
-2.653959686882355395e+00,-1.999605041195932742e+00,-7.674280136897171367e+00,-5.863407742539621381e-01
8.408297647048831536e+00,-7.598844437100724658e-01,-3.991947753917242103e+00,-1.749285064132547252e+00
-3.921055096643199178e+00,1.099923605653141401e+00,1.007312879505044201e+01,-3.372837934533237991e+00
-1.016244723429553798e-01,-9.445472270313912233e+00,-3.756661708059149118e-01,-1.287394704750875585e+00
-2.612756332335767429e+00,-3.461797795678036582e+00,-2.893804562856031382e+00,-1.774198226818430868e+00
-6.122894324221881401e-01,-2.538489111406039278e+00,-6.052811389574551448e+00,-1.432136861693543706e+00
-2.899429217238020051e+00,-2.465966271223863693e+00,-6.267097025157841728e+00,-2.474337608972218661e+00
-5.965951729512399382e+00,4.594798293710948833e+00,-8.626306947643978873e+00,-2.928984450179790588e+00
-2.734646730603156328e+00,-1.079619775850778751e+01,1.119122104677756369e+01,-1.700656767824235027e+00
9.351280558712311120e+00,-9.455933768979587484e+00,1.836615598201610355e+00,-2.586603368669885050e+00
1.558590939103988271e+00,-1.603981645655748745e+00,-6.552717906608027221e+00,-1.366865117137935570e+00
1.161463231226532278e+00,5.915436448469735708e+00,1.394291166576793906e+01,2.306264829070719113e-01
-4.807398439147901881e-01,9.362385418836009165e+00,1.484638040581604201e+01,-7.105128458861234009e-01
7.080691841888444138e+00,6.003820485767516146e+00,6.599061109593268526e+00,1.966163865728006055e+00
3.604204756540756449e+00,-7.494494328128632255e+00,1.020927446639668545e+01,-5.979049901195901406e-02
5.970027113732553348e-01,7.408254179641900805e+00,-7.177144646135495520e+00,-4.007917545118839797e-01
-2.307135226708767028e+00,7.402981536155159858e+00,1.729814906173776379e+01,-4.132598195204125746e-01
1.250768821076388804e+01,-4.879757842280791458e+00,-1.856320498388008389e+00,1.083031110640462202e+00
5.279339722920819433e-01,9.922737193055841232e+00,1.097961689676910346e+01,5.224264737848953732e-01
-3.900037465701956307e+00,3.509726748044776024e+00,9.371937801810574342e+00,7.609298335348712028e-01
-2.090333964386348609e-01,4.472820165656394842e+00,1.434720700608167476e+01,-3.346545439047249992e+00
-7.352111211725598228e-02,8.625209700275817681e+00,-7.646319324566208664e+00,-4.642672240825275409e+00
-2.353867218679190909e+00,-4.841459057128075116e+00,-5.843584029840416250e+00,-1.959338380867204243e+00
-1.893027417574438598e+00,5.792754411973270123e+00,1.404112247809467995e+01,-7.219798387705372855e-02
-1.658135067857605893e+00,6.103990885732874183e+00,1.767612342196812847e+01,-1.239317243346027775e+00
-3.043047421968720023e+00,-9.258253481265615648e+00,6.171777319753606328e+00,-5.758392353471981195e+00
-4.336799523819032109e-01,2.160891516263687695e+00,-9.719302659180295123e+00,-8.596350235699738107e+00
2.794593483543322154e+00,-5.984188494957503934e+00,7.602078874930652930e+00,7.405379534031689914e+00
-9.283967048354105356e-02,5.182421617752627441e+00,1.178183957356817402e+01,9.236748014044191546e-01
4.464795556566181212e-02,-5.322855244899872496e+00,-9.153406790474130972e+00,7.195186759317978797e+00
-2.543770749036822654e+00,-4.936722112541445107e+00,-3.386099015462272988e+00,-2.091376599316727702e+00
-1.023619138330269740e+00,9.887893939099202001e+00,1.575917795060127524e+01,-8.721392662563727249e-01
-9.046560501522886710e-01,-1.196393095337895840e+00,-1.095574574467380380e+01,-1.605201607209041814e+00
5.173874238834799133e-01,6.890074225279467335e+00,1.913952742273901464e+01,3.829583886934856407e-01
4.218367875005563095e-02,-3.327256129420215203e+00,-3.246899032576562316e+00,-1.194823613075519875e+00
-9.021211396538023064e-02,4.871133873675447035e+00,1.829496543585207036e+01,3.917135049632518573e-01
-5.243506029317005712e+00,-4.902353065395481657e+00,-3.660618703110210426e+00,-3.966745664505067492e-01
-1.112107420065633345e+00,-1.103723807366597853e+01,8.652582977854052615e+00,-6.979594752073404074e+00
-3.133711208003548965e+00,-4.941837179057425589e-01,-8.777482904259812813e+00,-1.598124796801122738e+00
-6.460163915841518056e-01,1.147180427369964306e+01,1.017373422025358742e+01,6.659770219741742991e-01
-1.321001630593042098e+00,-3.143908251461497105e+00,-6.972137835332980593e+00,1.571898855741286294e+00
-6.019393985340236952e+00,-4.616270321447479397e+00,-4.139035026607939649e+00,1.739673063693376376e+00
1.510733216685802738e+00,-8.724716693979739368e-01,-5.228624284544450163e+00,-4.309812394091888876e+00
-3.288456602584460597e+00,-1.189265725131273488e+00,-7.280110780357190947e+00,4.058190975650445842e-01
-3.230374210525683853e+00,-1.573133492940715639e-01,-7.771867716303758833e+00,-2.777397438412386954e+00
1.469151358576654409e-01,-1.502680266183037849e+00,-5.032449131829537237e+00,6.719270467433524630e-01
-3.627669541125370323e+00,-4.938740723853180192e+00,-4.306647706098917006e+00,5.344326004419269749e-02
3.590969814678080851e+00,9.381471913020131836e-01,-5.802851873907762581e+00,4.461125410834848815e+00
-6.955350312740452345e+00,-5.126609612440250707e+00,-3.764109190286644147e+00,2.891514272011508901e-01
-4.064169084722653480e+00,-2.821228043861483847e+00,-8.794324338861757795e+00,1.401262623312796496e+00
-2.852530731121830421e+00,-2.664844994670778178e+00,-8.959578165153459395e+00,-2.269105653712426118e+00
5.818173360521989856e-01,2.536873948875548290e+00,1.492484607654061435e+01,6.552367190920578288e-01
3.091496131264618086e+00,-1.941425626035566232e+00,-2.758993275716760341e+00,9.539315270551328441e-01
6.147361215106178278e+00,-8.091660889014605784e-01,-3.271604332605739351e+00,-4.168534906217467029e-01
-6.038667597815651211e-01,7.095541189011706606e+00,1.341528133779212695e+01,9.654685994795908499e-02
6.066625016388863756e+00,-2.395344492094817923e+00,-2.142294774885318276e+00,3.442993234829452298e+00
-3.386821006101829568e+00,7.159143945932747499e+00,-6.906172657690146544e+00,1.261695602272538519e+00
-3.972690974528798158e+00,-6.944070529213481890e+00,7.372486933131248144e+00,-7.156250823434498365e+00
3.075101804641375836e-01,-2.284753797373205941e+00,-3.691160617691426449e+00,3.395199330922734848e+00
-1.355358101253937742e+00,-3.251467744926624714e+00,-4.935283380092569949e+00,-1.443880265845956190e+00
-1.498077781269018804e-01,5.349056936810347551e+00,-8.494479915626477862e+00,-1.745049453214587709e+00
1.257196048871323635e+00,-2.568439587630770848e-01,-3.716896399356926395e+00,4.362778985255684638e+00
1.106454619343714141e+00,-9.038242459903402803e+00,6.367290781738354610e+00,-4.815537967448365819e+00
-2.129055119665030471e+00,-4.190342937712688176e+00,-4.570166779601851914e+00,1.062944872005841868e+00
7.912223717046810378e+00,-6.555133116747836830e+00,-2.990360704579580364e+00,-2.759024116384893421e+00
2.935044568555558731e-01,8.886340283098220993e+00,1.466187109675528610e+01,-1.549246484695053105e+00
-9.525022228019937032e-01,8.206216151090028887e+00,1.301569869696322712e+01,-2.028627128169409877e-01
-1.302289845872798502e+00,-1.042573270070599101e+01,8.731468761584972427e+00,-4.290153918888442441e-01
1.231465335116242343e+00,-1.665673712372278237e+00,-8.235095739966233452e+00,5.932001139989345972e+00
-2.813796981148877219e+00,-1.978145714055140836e+00,-8.793998130083096498e+00,-1.005740608775088640e-01
-1.446929094237758395e+00,-2.359137641548673336e+00,-4.799840812108629784e+00,-2.369574063313343970e+00
-2.028027458174355591e+00,8.973049724510621772e+00,1.434189695705680379e+01,-5.058334090323026722e-01
-2.456828497774828257e+00,-8.663151269032469681e-01,-1.104291183954645561e+01,-2.297692346633613880e+00
-4.050533288006024080e-01,-2.650139386043584899e+00,-5.219231994021726884e+00,-1.068832734216394797e+00
-1.631981295558921907e+00,-4.906595802839864184e+00,-8.879413540116511072e+00,1.386466995783248279e+00
2.308691058037089849e+00,2.384584078376023708e+00,1.869750966124758307e+01,2.396880569802812833e-01
-1.356624907756891929e+00,-3.419082822782655740e+00,-6.987201799136355085e+00,-4.184551065770682143e+00
1.519949528826036067e+00,5.535312075964269773e+00,8.711705568978683090e+00,4.169207421679625991e-01
-8.766906957627592645e-01,-2.437959683712640047e+00,-6.025578987359491379e+00,-2.968001806545144561e+00
8.282552987859602922e+00,6.224178944484122233e+00,9.931936868450812028e+00,-1.832714334945151125e+00
9.199497700957895985e-01,-6.033919621421159896e+00,8.758659231382965871e+00,-4.543113197920990665e+00
8.464287945486562492e+00,-4.757916506611977070e+00,-4.287922164894503396e+00,-3.908817049811955435e+00
3.479002904194974377e-01,-4.070375991642530833e-01,-5.502845982588300267e+00,1.365836181000305460e+00
-1.592301632458649752e-01,1.645132713853900475e+00,1.678649061308465207e+01,-2.204091937773249743e+00
8.403185975577964761e-01,4.326715049927281953e+00,1.599754722043878274e+01,4.851564350533676406e-01
-4.345056086219496017e+00,6.986286961025660602e+00,-7.281135579367936650e+00,-1.166627210074032972e-01
-2.690302092548321422e+00,6.452885673005856582e+00,1.709843226739009481e+01,1.604833539192642489e+00
-4.997218375321949679e+00,7.143013432174436517e+00,-9.705951071031883259e+00,-9.985129875719174208e-01
-4.919116557043973215e-02,6.603187345894468763e+00,1.767842122111647285e+01,-8.005312823560167823e-02
-6.334370971550553620e+00,-3.310206897241948720e+00,-7.182249531097507855e+00,-1.798391514295628379e+00
-4.998496460311595002e-01,-1.793920212622982735e+00,-8.833776216605366827e+00,5.391047442612603158e-01
-2.715111377029297834e+00,5.013949790164710762e+00,-7.782591014832489051e+00,-5.875266662751259972e+00
-1.065760371560422914e+00,6.286851801597082456e+00,1.553607432068605831e+01,-9.620694284810374919e-01
6.267532820170583108e+00,4.410738603236720734e-01,-5.103083226567044051e+00,3.033705968139340126e+00
-1.788157516635263455e+00,6.950995441481180315e+00,-7.175089673367501142e+00,-2.401058233965280841e+00
1.207369226614835700e+00,7.795721995187244069e+00,1.369310188058432587e+01,9.500415736206024864e-01
-3.219612283110903639e-01,1.190199403063210326e+01,1.087397796260016491e+01,3.778631405078917149e-01
-1.311911540357881378e+00,1.399452060648797946e+01,-7.580014792496066356e+00,5.340488038099764800e+00
-6.907094567991133971e+00,7.141555529448726070e+00,-7.319301277201831546e+00,2.079586375288898115e+00
1.421706212009880055e+01,-3.520057401446797574e+00,1.931993846178200469e-01,2.773543707588319140e+00
-4.069442098652329420e+00,-5.161815359339160247e-01,-1.080879945312500112e+01,-9.663474902222048968e-01
6.296530114724239180e-01,1.022571095451591283e+01,-6.082617069926341102e+00,2.924275871013311878e+00
-2.882910492112186862e+00,-6.320508681159585862e+00,-3.746287141280653099e+00,-2.148367240613947793e+00
6.618508392108606309e-01,-2.741523676160575018e+00,-4.675386956289722562e+00,3.480103576076565286e+00
2.712447386057148968e+00,8.080064954319817971e+00,9.762433538700813429e+00,-1.577712954384262733e+00
3.593722741334505866e+00,-1.339919267376917134e+00,-4.888958873797848881e+00,1.936381319279836921e+00
-1.012110654843338731e+00,8.365466663935748670e+00,1.236863616620787099e+01,-2.666506691706921339e-01
5.286400541238812228e-02,7.087390121396992981e+00,1.289669911237325017e+01,-6.831879151896380620e-01
-2.519692259947409418e+00,1.027839399499394979e+01,-7.374345266324932702e+00,3.144540203782770327e+00
-1.559422839555311580e+00,2.205271957418595830e-01,-1.138882578412088620e+01,-4.289791706916801672e+00
-5.181765060354803776e-01,9.823717257509459344e+00,1.299155123697326175e+01,-1.863314431414186956e-02
2.202688938770391847e-01,-1.345567903282097966e+00,1.539114333748961272e+01,-4.157262892007499211e+00
1.782038611170549264e-02,8.455083509678729570e+00,9.722083944775558706e+00,-1.354431820721248014e-01
6.227024083680083422e+00,-6.973938873090177459e+00,5.806675682221621670e+00,1.906769355597495164e-01
-1.406936768905159063e+00,-1.293215569774239571e+00,-7.271199469113716951e+00,-4.034292780212422880e-01
-2.073347064899338399e+00,1.041810220898028838e+01,-8.360418548272765094e+00,-4.291702210271014506e-01
5.187693732328329865e+00,-1.226609687042333086e+00,-4.840502657674386811e+00,1.046435731641641809e+01
-1.386619716558214588e+00,-6.037612597865185116e-01,-8.264993532251320829e+00,-1.893487137638621087e+00
1.518012024542005234e+00,9.855157971896321811e+00,-4.475663831018686700e+00,6.086732013214337655e+00
8.088095044983273363e-01,-2.772069427462830582e+00,-6.170712429992976311e+00,3.266168363200004920e-01
7.122466547581846052e-01,1.001654576633080573e+01,1.363342893466883332e+01,-3.122291408297232174e+00
-1.845346630176211589e+00,4.340041842535176997e+00,-8.559305295813279812e+00,-3.746248060153391179e+00
-2.350056881958079380e+00,-9.742204744441657738e+00,8.088537396362371013e+00,-5.885943020400457470e+00
-6.561116525193623872e+00,9.078999799181843855e+00,-1.049129415154586908e+01,1.519820684913163467e+00
-2.508642086952447947e+00,-3.215450284578043938e+00,-5.732767000128374590e+00,-3.199883185258822316e+00
-4.271083163052586951e-01,9.695246867559728088e+00,1.338945949424211967e+01,1.199851418939490016e-01
-4.955362871597431607e+00,1.116670661940099230e+01,-8.226722856630114933e+00,-1.147493045289038616e+00
-1.131105802918084685e-01,9.803643359648431144e+00,1.171892227644929818e+01,2.210177988350572054e-01
-1.663584135639488704e+00,-4.782690755969607466e+00,-3.895894982560301756e+00,-2.179721544394522592e+00
-4.564488294315380834e+00,-2.769491485154820243e+00,-6.744406386862157099e+00,-3.123014884455734830e+00
1.119669150747424125e+00,-1.678908059858174928e+00,-7.129248637120591425e+00,-3.278237497551493629e+00
-3.333549004580111053e+00,-1.018809013892964543e+01,2.450116719921175967e+00,-7.656054222958313948e-01
-1.018774944187067710e+00,-7.404433355695809738e-01,-7.573204867201371648e+00,-1.105405224320439750e+00
-9.218829763147121659e-01,-4.912201865150879421e+00,-7.982011718534804956e+00,-1.674271215831478310e+00
3.854231108149477336e+00,-1.153756626024658560e+00,-5.093721927491897006e+00,-2.237225409273902788e+00
7.370318035322884209e-02,5.461759598591044096e+00,1.439688496680173024e+01,-8.120939198068023723e-02
-2.104819451357406557e+00,-3.212856254435299874e+00,-8.134712965611575086e+00,-1.414511503727066577e+00
-3.325561088724376724e+00,-2.998790439942639274e+00,-7.003270080538651854e+00,-3.781577252952065815e-01
-1.956155153839020500e+00,1.253794039213497591e+01,1.305076481423871648e+01,2.493544518393523646e+00
3.358687386773546280e+00,-3.444818866364039445e-01,-6.657063658336803691e+00,-3.490016053939459795e-02
-1.443723194713131930e+00,4.791602217435084299e+00,1.632272267278435862e+01,3.941969034428969287e-01
-6.028134271483908790e+00,5.106536387178208791e+00,-7.902996449908907373e+00,-3.925685379395084107e-01
-2.091612336844328901e+00,-1.944362804766246233e+00,-9.999416505031177849e+00,-1.695120311165674298e-01
1.291349660744820582e+01,4.040702869889966742e+00,-3.619448710308422523e+00,-9.949959509176681260e-01
-2.190486942632399625e+00,-4.396825222930529797e+00,-1.070303765254533523e+01,1.321873460840314873e+00
-5.507973876245507938e+00,1.026876993458506782e+01,-8.552153089578132139e+00,1.493633738769219566e+00
7.704469329184989945e+00,-2.442402213528956700e+00,-8.547805735286949869e+00,8.233918595608620272e-01
-1.165817258285370084e+00,-1.581998356343746748e+00,-1.160268685409690725e+01,-2.181896830748582428e+00
-1.979490341874813764e+00,-2.271208461386466482e+00,-3.821151380841733225e+00,-6.987277493470736012e-01
-1.947881944142807020e+00,-2.078482641121993435e+00,-6.771952598662803524e+00,-2.769108385249279269e+00
1.588699603084166245e+00,-3.733564966205831226e+00,-5.807023540392023619e+00,5.687440567261502267e+00
-2.993247852469738124e+00,4.420016436729084397e+00,1.500574294587463164e+01,1.623530501389666147e+00
9.044987759738684074e-01,1.707109599184617110e+01,-7.235534374147228220e+00,4.977978135223862566e+00
-3.673835118189847648e+00,-3.540160743213686345e+00,-4.447974914833032756e+00,-9.422323761277063836e-01
3.386880785118513426e+00,-1.251799329763648938e+00,1.331508274475172016e+01,-4.334577510089070884e+00
6.169428181716123394e-01,1.073195195354885634e+01,1.607247632557617223e+01,1.127795156630782003e-01
5.383033536665777774e-01,-6.671490700712428001e+00,-5.403450501191169764e+00,-3.293484743706938112e+00
-2.013398547557038398e+00,-5.059942145645242029e+00,-4.925908476328045182e+00,-2.773080077404874277e+00
2.213227263958255531e+00,4.396864214820618066e+00,-5.671677115157917726e+00,-2.819325046633217369e+00
1.084102582024492500e+00,6.945472426518477960e+00,1.342416098924435808e+01,4.009049829482205229e-01
-2.094320399504367991e+00,-2.182982299126447145e+00,-2.851868210746301813e+00,-7.027029960519544094e-01
8.767239456448221446e-01,-9.324035831548703968e+00,7.608354626144982369e+00,-1.476279167561586725e+00
2.922358965798091290e+00,-6.967914475912060368e+00,6.710155004127406286e+00,2.034174586546982688e+00
3.448691046184062081e+00,-9.124690124019862125e+00,1.672784018691827468e+00,-2.576469704428705487e+00
1.219360028132832729e+00,-4.055203826534551581e+00,-6.365227314161867156e+00,3.908601760549573534e+00
5.035358556421118958e-01,-2.875533075384312021e+00,-3.538872574080266453e+00,-1.096135460117987570e+00
-4.473707586421756588e+00,-4.292408502880729948e+00,-5.667958487979152693e+00,2.437577204251867080e+00
5.901076756966241454e-01,-3.461385253264322337e+00,-8.185888207669460570e+00,5.948190251671041651e-01
-1.489184862051626368e+00,-4.240552770097791857e-01,-7.624779983709081499e+00,-1.335885306301316300e+00
3.011453309727563088e+00,-1.250274745626400730e+00,-5.421081316816235507e+00,-3.240272378633439754e+00
3.103106223708654632e+00,1.231739729480829482e+01,-5.939094071472693415e+00,2.590394405845410919e+00
-1.367507591513846821e+00,-2.746390761655150392e+00,-1.104161309440568317e+01,-1.312089252950714879e+00
-1.380369637770225699e+00,-2.470853785109618173e+00,-6.518029360178163145e+00,-1.692043188920975716e+00
-2.332204465544901240e+00,-9.244880559043399115e-01,-7.849143453150521310e+00,1.259951561289780919e+00
-1.408727133986016788e+00,-1.999537096191799534e+00,-5.600603555485759166e+00,-3.816000865825041277e+00
-2.993047822729154372e+00,-6.977924758921112414e-01,-9.650549988317575156e+00,-7.892494948847769698e-02
7.232141700121710315e-01,-1.140240074157735606e+01,7.629328393610363968e+00,-5.908110298402445615e+00
-1.496185539521606378e+00,-2.441282153272094302e+00,-4.308345719347865810e+00,-1.545780283129887911e+00
1.167631114905633982e+00,1.072824719250213477e+01,9.606566728448139969e+00,-6.111403760722277506e-02
-1.507779867120401018e+00,-3.001146377239758856e+00,-5.611090283111074051e+00,-1.380859129271325036e+00
-4.569625406526992784e+00,-6.449997661596209575e+00,-4.017332255522864770e+00,-1.626944136569089261e-01
-4.139277050648947076e-02,-1.736717060594348050e+00,-5.989972160241880061e+00,-4.308975802002293243e+00
-2.434108630608915025e+00,-4.373864301322794468e+00,-7.168786877711117889e+00,-3.277180645698677619e+00
-1.637796469441924030e+00,-8.064671197936200686e-01,-8.764559775221654192e+00,-9.277790873816813555e-01
-8.224677587188622407e-01,-6.250707645149276459e+00,5.196128631569330913e+00,-4.944319252219580463e+00
-4.683876314414656683e-01,5.471987261684548187e+00,-4.664703152450210055e+00,1.265306674571401224e+00
-7.410827363960078573e-01,-2.589520513386260436e+00,-8.174394974041105044e+00,-1.128977257787836086e+00
1.070658370340497711e+00,-1.093864458677333396e+00,-6.611933361740364390e+00,1.577346105068441862e+00
-3.929139667516540868e+00,5.918012304696145698e+00,-8.077596120280759351e+00,-2.042625028282382793e+00
-7.585611319734085756e-01,-5.318972668966066131e+00,-4.162121877037978201e+00,-4.278733113616243422e+00
-2.526520387357618969e+00,8.936498308585813177e+00,1.391815904554651873e+01,-2.447226283762459875e+00
